code,name,bucket,estab,years,scale,company,ftype,index_name,managers,cur_start,tenure,mgr_changes_5y,fee_now,sgzt,cagr1,cagr3,cagr5,cagr8,cagr10,cagr_since,vol5,mdd5,mdd10,mdd_all,max_year_key,max_year,sharpe1y,latest,siblings,score,selected
270042,广发纳斯达克100ETF联接人民币(QDII)A,QDII/海外,2012-08-15,14.0671,122.2313,广发基金,指数型-海外股票,纳斯达克100指数,刘杰,2019-04-12,7.4114,0,0.13%,限大额,16.0317,19.7916,12.8674,17.0465,18.9994,17.6137,22.7512,-31.1762,-31.1762,-31.1762,2023,55.5314,0.7775,2026-09-09,['006479'],65.2,1
000218,国泰黄金ETF联接A,QDII/海外,2016-04-13,10.4093,127.9416,国泰基金,指数型-其他,黄金9999,艾小军,2021-07-21,5.1389,0,0.07%,开放申购,14.2449,25.8799,19.9659,16.6179,12.1171,12.5963,17.5726,-29.7976,-29.7976,-29.7976,2025,55.4178,0.4104,2026-09-10,['004253'],64.8,1
002610,博时黄金ETF联接A,QDII/海外,2016-05-27,10.2888,48.3299,博时基金,指数型-其他,黄金9999,"赵云阳,王祥",2016-11-02,9.8535,0,0.06%,开放申购,13.7051,24.6500,18.9631,16.1025,11.7581,11.6224,17.1940,-29.7362,-29.7362,-29.7362,2025,52.9533,0.3995,2026-09-10,['002611'],63.2,1
000216,华安黄金ETF联接A,QDII/海外,2013-08-22,13.0513,97.2242,华安基金,指数型-其他,黄金9999,许之彦,2018-09-28,7.9507,0,0.06%,开放申购,14.0741,25.3789,19.4523,16.4145,11.9050,9.5702,17.4653,-29.9823,-29.9823,-29.9823,2025,55.5030,0.4085,2026-09-10,['000217'],60.4,1
000834,大成纳斯达克100ETF联接(QDII)A,QDII/海外,2014-11-13,11.8220,48.8689,大成基金,指数型-海外股票,纳斯达克100指数,冉凌浩,2014-11-13,11.8220,0,0.12%,限大额,15.8646,18.9884,12.7146,16.8579,18.2547,16.8207,22.3749,-30.1102,-30.1102,-30.1102,2023,55.8653,0.7770,2026-09-09,[],59.2,1
160213,国泰纳斯达克100指数,QDII/海外,2010-04-29,16.3641,21.7701,国泰基金,指数型-海外股票,纳斯达克100指数,朱丹,2022-01-27,4.6160,1,0.15%,限大额,17.3662,21.1109,13.7709,17.8803,19.5871,17.4559,22.8673,-31.3412,-31.3412,-31.3412,2023,57.8381,0.8399,2026-09-09,[],58.4,1
001668,汇添富全球移动互联混合(QDII)人民币A,QDII/海外,2017-01-25,9.6208,19.6174,汇添富基金,QDII-混合灵活,,杨瑨,2018-05-16,8.3176,0,0.16%,限大额,19.5133,25.2025,12.7950,17.4675,,18.9521,24.3394,-35.9608,-42.0392,-42.0392,2020,58.3014,0.7154,2026-09-09,[],54.4,1
378546,摩根全球天然资源混合(QDII)A,QDII/海外,2012-03-26,14.4559,2.8726,摩根基金(中国),QDII-混合偏股,,张军,2012-03-26,14.4559,0,0.16%,限大额,41.4580,17.9534,17.1792,11.3375,10.8852,3.5474,19.8775,-25.2619,-40.5440,-64.5719,2016,45.4343,2.1635,2026-09-09,[],54.4,1
040046,华安纳斯达克100ETF联接(QDII)A,QDII/海外,2013-08-02,13.1034,58.1004,华安基金,指数型-海外股票,纳斯达克100指数,倪斌,2018-09-28,7.9480,0,0.12%,限大额,16.2099,19.2384,12.5632,17.4128,18.8928,17.3823,22.6043,-31.2434,-31.2434,-31.2434,2023,56.1093,0.7913,2026-09-09,[],50.8,1
270023,广发全球精选股票(QDII)人民币A,QDII/海外,2010-08-18,16.0602,183.5386,广发基金,QDII-普通股票,,李耀柱,2021-05-14,5.3224,0,0.16%,限大额,44.2883,31.9463,13.8817,19.7096,17.3968,14.2492,26.5678,-49.2770,-54.4000,-54.4000,2020,95.9953,1.4555,2026-09-09,[],50.7,1
539002,建信新兴市场混合(QDII)A,QDII/海外,2011-06-21,15.2197,20.5710,建信基金,QDII-混合偏股,,"李博涵,程星烨,房乐",2024-06-18,2.2259,1,0.16%,限大额,98.7210,48.1844,20.4143,13.5107,12.3912,6.1662,31.6895,-35.8475,-39.8882,-39.8882,2026,69.2308,2.3583,2026-09-09,[],49.7,1
005698,华夏全球科技先锋混合(QDII)A(人民币),QDII/海外,2018-04-17,8.3970,97.5058,华夏基金,QDII-混合偏股,,李湘杰,2018-04-17,8.3970,0,0.15%,限大额,33.6955,29.2328,12.6051,12.9568,,12.6532,31.8136,-45.5330,-54.2771,-54.2771,2023,60.3390,0.7592,2026-09-09,[],41.2,1
519981,长信标普100等权重指数人民币,QDII/海外,2011-03-30,15.4470,17.1402,长信基金,指数型-海外股票,S&P 100 Equal Weight Index,傅瑶纯,2020-05-06,6.3436,0,0.14%,限大额,13.0796,14.4124,9.1181,10.0717,10.4159,9.6753,13.8919,-14.5833,-26.9001,-26.9001,2013,22.1689,1.1819,2026-09-09,[],38.1,
096001,大成标普500等权重指数(QDII)A人民币,QDII/海外,2011-03-23,15.4661,7.3039,大成基金,指数型-海外股票,S&P 500 EQUAL WEIGHTED TOTAL RETURN,冉凌浩,2011-08-26,15.0390,0,0.15%,限大额,9.0452,10.4155,7.6401,8.5366,9.5812,9.2258,15.2088,-17.2351,-37.4686,-37.4686,2019,27.1775,0.7723,2026-09-09,[],35.6,
457001,国富亚洲机会股票(QDII)A,QDII/海外,2012-02-22,14.5462,11.5757,国海富兰克林基金,QDII-普通股票,,徐成,2016-02-24,10.5407,0,0.15%,限大额,80.8706,33.5772,11.6807,16.0925,14.3972,8.6083,25.7307,-40.2135,-48.5189,-48.5189,2026,55.6677,2.4329,2026-09-09,[],32.5,
378006,摩根全球新兴市场混合(QDII),QDII/海外,2011-01-30,15.6085,6.7332,摩根基金(中国),QDII-混合偏股,,张军,2021-06-01,5.2731,0,0.16%,限大额,33.0026,21.0522,8.2826,8.7676,8.5833,4.3412,16.8496,-29.7586,-41.3032,-41.3032,2017,41.3450,1.5593,2026-09-09,[],21.3,
161128,易方达标普信息科技指数(QDII-LOF)A(人民币),QDII/海外,2016-12-13,9.7385,41.4559,易方达基金,指数型-海外股票,标普500信息科技指数,刘依姗,2025-04-11,1.4127,2,0.12%,暂停申购,24.2139,26.0181,19.3256,21.3335,,21.7371,26.0854,-25.6557,-30.0303,-30.0303,2023,56.7477,1.0131,2026-09-09,"['003721', '012869', '012868']",,
000043,嘉实美国成长股票人民币,QDII/海外,2013-06-14,13.2375,49.8764,嘉实基金,QDII-普通股票,,陈俊杰,2026-05-13,0.3258,3,0.15%,限大额,15.1671,21.3251,14.2004,15.3146,16.8293,14.8784,21.3443,-24.9201,-28.6375,-28.6375,2023,40.3549,0.7347,2026-09-09,[],,
050025,博时标普500ETF联接A,QDII/海外,2012-06-14,14.2368,64.6685,博时基金,指数型-海外股票,标准普尔500指数,万琼,2021-09-23,4.9610,1,0.12%,暂停申购,11.7954,15.9555,11.2796,12.2600,13.1454,13.1978,16.1858,-19.0482,-31.1720,-31.1720,2019,30.0184,0.9131,2026-09-09,['006075'],,
100055,富国全球科技互联网股票(QDII)A,QDII/海外,2011-07-13,15.1595,66.9439,富国基金,QDII-普通股票,,赵年珅,2025-11-13,0.8214,3,0.15%,限大额,52.5615,34.6576,15.3794,17.0381,16.3570,11.4883,23.6371,-35.3692,-46.9393,-46.9393,2020,52.5354,1.6968,2026-09-09,[],,
000929,博时黄金D,QDII/海外,2014-12-18,11.7262,0.1091,博时基金,指数型-其他,黄金9999,"赵云阳,王祥",2016-11-02,9.8535,0,--,暂停申购,14.0833,26.0113,19.8782,16.6714,12.2505,12.7877,17.9133,-30.2665,-30.2665,-30.2665,2025,55.7132,0.3993,2026-09-10,['000930'],,
162719,广发道琼斯石油指数人民币A,QDII/海外,2017-02-28,9.5277,6.7508,广发基金,指数型-海外股票,道琼斯美国石油开发与生产指数,姚曦,2023-02-22,3.5455,3,0.12%,暂停申购,42.9760,8.8591,24.3192,13.3521,,12.9083,28.9253,-29.1608,-65.6982,-65.6982,2021,67.5714,1.6983,2026-09-09,['004243'],,
161130,易方达纳斯达克100ETF联接(QDII-LOF)A(人民币),QDII/海外,2017-06-23,9.2129,17.8265,易方达基金,指数型-海外股票,纳斯达克100指数,伍臣东,2023-09-23,2.9624,2,0.12%,暂停申购,16.3273,20.1751,13.5154,17.1402,,17.5433,21.7061,-28.9143,-28.9143,-28.9143,2023,54.1924,0.8317,2026-09-09,"['003722', '012871', '012870']",,
000307,易方达黄金ETF联接A,QDII/海外,2016-05-26,10.2916,58.8271,易方达基金,指数型-其他,黄金9999,张湛,2025-12-20,0.7228,2,0.07%,开放申购,14.0177,25.1303,19.2634,16.1340,11.7657,11.7049,17.4719,-29.9826,-29.9826,-29.9826,2025,54.0461,0.4040,2026-09-10,['002963'],,
539001,建信纳斯达克100指数(QDII)A人民币,QDII/海外,2010-09-14,15.9863,21.7639,建信基金,指数型-海外股票,纳斯达克100指数,朱金钰,2026-07-28,0.1177,2,0.12%,限大额,15.5467,20.6975,14.4921,11.2558,11.9519,8.0326,22.0054,-28.6503,-28.6503,-28.6503,2023,55.0586,0.8008,2026-09-09,[],,
160723,嘉实原油(QDII-LOF),QDII/海外,2017-04-20,9.3881,12.0099,嘉实基金,QDII-商品,,"蒋一茜,张琴",2024-10-25,1.8727,2,0.12%,暂停申购,61.6755,12.6776,19.4072,6.8202,,9.1615,28.9537,-32.5811,-74.3972,-74.3972,2026,75.0750,1.6027,2026-09-09,[],,
160416,华安标普全球石油指数(LOF)A,QDII/海外,2012-03-29,14.4476,4.6027,华安基金,指数型-海外股票,标普全球石油指数,倪斌,2018-09-28,7.9480,0,0.12%,暂停申购,32.5305,10.6573,18.0843,9.7422,9.4229,6.0931,19.9693,-22.2072,-51.6267,-54.0277,2022,33.9270,1.8348,2026-09-09,[],,
161125,易方达标普500指数人民币A,QDII/海外,2016-12-02,9.7687,15.4342,易方达基金,指数型-海外股票,标准普尔500指数,刘依姗,2025-04-11,1.4127,2,0.12%,暂停申购,11.5249,16.0222,11.6972,12.3737,,12.4096,16.1485,-18.3332,-32.9291,-32.9291,2019,29.9073,0.8984,2026-09-09,['012860'],,
320013,诺安全球黄金(QDII-FOF)A,QDII/海外,2011-01-13,15.6550,7.6101,诺安基金,QDII-商品,,唐晨,2026-02-14,0.5667,1,0.08%,开放申购,12.7614,23.9029,16.9054,14.2584,10.0359,5.6940,16.3425,-25.7891,-25.7891,-46.0563,2025,52.9703,0.4317,2026-09-09,[],,
501018,南方原油A,QDII/海外,2016-06-15,10.2341,12.2422,南方基金,QDII-商品,,张其思,2021-11-19,4.8049,1,0.12%,暂停申购,67.4461,13.9116,19.6995,5.9026,7.8169,6.9960,30.3954,-31.3983,-76.4886,-76.4886,2026,80.4534,1.7352,2026-09-09,['006476'],,
163208,诺安油气能源,QDII/海外,2011-09-27,14.9514,2.6722,诺安基金,QDII-普通股票,,唐晨,2026-02-14,0.5667,1,0.15%,暂停申购,42.8852,10.7404,20.2877,6.1712,5.7707,2.9241,23.6498,-23.8931,-63.7331,-70.2617,2021,41.6838,1.9486,2026-09-09,[],,
161129,易方达原油A类人民币,QDII/海外,2016-12-19,9.7221,6.3534,易方达基金,QDII-商品,,殷春涛,2025-04-11,1.4127,5,0.12%,暂停申购,65.3082,13.1937,19.1336,5.2082,,6.9554,30.1806,-34.4814,-76.5430,-76.5430,2026,80.2813,1.6629,2026-09-09,[],,
003321,易方达原油C类人民币,QDII/海外,2016-12-19,9.7221,0.1161,易方达基金,QDII-商品,,殷春涛,2025-04-11,1.4127,5,0.00%,暂停申购,64.8271,12.9549,18.7505,4.7265,,6.4716,30.1703,-34.6837,-76.9236,-76.9236,2026,79.9315,1.6487,2026-09-09,[],,
040021,华安大中华升级股票(QDII)A,QDII/海外,2011-05-17,15.3155,1.6866,华安基金,QDII-普通股票,,"苏圻涵,翁启森",2011-05-17,15.3155,0,0.15%,开放申购,36.2428,34.3867,8.9841,10.5540,9.2456,7.6101,25.6039,-42.5500,-42.9210,-42.9210,2025,54.7523,1.1016,2026-09-09,[],,
161226,国投瑞银白银期货(LOF)A,QDII/海外,2015-08-06,11.0965,79.4415,国投瑞银基金,商品,,赵建,2021-08-07,5.0924,0,0.10%,暂停申购,65.0404,35.3502,18.3165,12.4000,5.2629,5.7375,32.8689,-53.5692,-53.5692,-53.5692,2025,127.9560,1.0354,2026-09-10,[],,
160719,嘉实黄金,QDII/海外,2011-08-04,15.0992,3.5664,嘉实基金,QDII-商品,,张钟玉,2023-04-12,3.4114,2,0.08%,暂停申购,12.0551,24.6033,17.3000,14.2798,10.0231,4.5293,16.6894,-26.4887,-26.4887,-42.9833,2025,53.9104,0.3960,2026-09-09,[],,
164701,汇添富黄金及贵金属(QDII-LOF-FOF)A,QDII/海外,2011-08-31,15.0253,7.4371,汇添富基金,QDII-商品,,乐无穹,2026-08-04,0.0986,2,0.08%,暂停申购,13.8000,25.7715,17.7219,14.5202,10.1536,3.6230,18.7677,-29.8555,-29.8555,-49.4000,2025,59.2199,0.3916,2026-09-09,[],,
161116,易方达黄金主题人民币A,QDII/海外,2011-05-06,15.3457,3.9184,易方达基金,QDII-商品,,殷春涛,2025-04-11,1.4127,3,0.10%,暂停申购,14.7532,27.0738,16.3241,11.3001,7.8961,3.2235,21.6651,-27.6836,-41.2844,-45.4209,2025,62.3398,0.4628,2026-09-09,['007976'],,
501029,华宝标普中国A股红利机会ETF联接A(LOF),QDII/海外,2017-01-18,9.6427,13.3182,华宝基金,指数型-股票,标普中国A股红利机会指数,胡一江,2026-02-12,0.5749,3,0.10%,开放申购,4.7953,10.3053,7.5578,10.1156,,7.3070,15.7160,-17.4713,-29.3704,-29.3704,2021,23.3664,0.2845,2026-09-10,['005125'],,
160644,鹏华港美互联股票人民币,QDII/海外,2017-11-16,8.8131,23.4318,鹏华基金,QDII-普通股票,,"李悦,周欣",2023-05-13,3.3265,3,0.15%,暂停申购,25.8367,22.8192,7.7072,9.7411,,7.5232,26.0984,-39.7243,-52.2613,-52.2613,2020,44.1508,0.7031,2026-09-09,[],,
000047,华夏双债债券A,债券/固收,2013-03-14,13.4921,32.6591,华夏基金,债券型-混合一级,,柳万军,2015-07-16,11.1540,0,0.08%,开放申购,13.4470,12.4775,5.6529,9.4894,7.5857,8.1966,7.7744,-10.4718,-10.4718,-10.4718,2020,22.9224,1.0444,2026-09-10,['000048'],74.5,1
001257,兴业收益增强债券A,债券/固收,2015-05-29,11.2854,184.8005,兴业基金,债券型-混合二级,,"周鸣,丁进",2015-05-29,11.2854,0,0.08%,限大额,5.5231,7.6483,5.3623,6.8178,5.8327,6.0348,5.8185,-6.5058,-6.5058,-6.5058,2021,14.4540,0.7881,2026-09-10,['001258'],72.6,1
630007,华商稳健双利债券A,债券/固收,2010-08-09,16.0876,82.4885,华商基金,债券型-混合二级,,张永志,2013-02-06,13.5907,0,0.08%,开放申购,15.5992,8.2087,5.3042,7.2967,5.7433,6.1250,4.3029,-4.5693,-11.8490,-26.2341,2014,34.1979,2.0873,2026-09-10,['630107'],70.5,1
000143,鹏华双债加利债券A,债券/固收,2013-05-27,13.2895,115.7614,鹏华基金,债券型-混合二级,,王石千,2018-03-28,8.4545,0,0.08%,开放申购,9.2588,11.0967,5.3605,7.6699,6.2018,7.1445,7.1091,-10.2530,-10.2530,-10.2530,2025,18.8522,0.9842,2026-09-10,['013149'],70.3,1
110017,易方达增强回报债券A,债券/固收,2008-03-19,18.4778,326.8462,易方达基金,债券型-混合一级,,王晓晨,2020-05-27,6.2888,0,0.08%,开放申购,3.7663,5.6659,4.0656,6.6366,5.6024,7.4680,2.7651,-3.1792,-3.9525,-6.9267,2014,26.4892,1.0337,2026-09-10,['110018'],68.9,1
720003,财通收益增强债券A,债券/固收,2012-12-20,13.7221,24.5097,财通基金,债券型-混合二级,,"罗晓倩,匡恒",2023-02-10,3.5811,3,0.08%,限大额,23.0387,16.4128,6.3530,10.2781,7.7314,7.4444,10.1657,-19.6853,-19.6853,-19.6853,2025,26.6268,1.5955,2026-09-10,['003204'],63.4,1
162210,宏利集利债券A,债券/固收,2008-09-26,17.9548,39.5429,宏利基金,债券型-混合二级,,"李宇璐,石磊",2024-08-16,2.0671,5,0.08%,开放申购,11.6902,8.2242,5.6351,5.9209,4.9446,5.9504,4.9272,-4.0661,-4.0661,-11.0128,2014,30.4598,1.4005,2026-09-10,['162299'],62.1,1
217008,招商安本增利债券C,债券/固收,2006-07-11,20.1670,129.0089,招商基金,债券型-混合二级,,"滕越,王娟娟",2022-01-14,4.6543,1,0.00%,限大额,6.3930,8.2443,5.6438,6.8166,4.4605,6.4732,6.2150,-7.7714,-14.7386,-21.7408,2014,39.1639,0.8370,2026-09-10,[],59.5,1
000385,景顺长城景颐双利债券A,债券/固收,2013-11-13,12.8241,429.7965,景顺长城基金,债券型-混合二级,,"董晗,李怡文",2021-04-30,5.3634,0,0.08%,开放申购,4.5882,6.0793,3.8620,5.4653,4.8102,6.6011,4.2822,-3.9016,-3.9016,-4.9505,2015,21.5332,0.7771,2026-09-10,['000386'],58.7,1
630009,华商稳定增利债券A,债券/固收,2011-03-15,15.4908,37.2976,华商基金,债券型-混合二级,,张永志,2017-08-04,9.1006,0,0.08%,开放申购,23.2686,11.4114,4.0661,8.8324,7.6921,7.5936,8.3020,-15.7380,-15.7380,-19.3798,2014,25.5747,1.7377,2026-09-10,['630109'],57.4,1
519162,新华增怡债券A,债券/固收,2013-12-04,12.7666,36.5484,新华基金,债券型-混合二级,,王丹,2021-02-19,5.5551,0,0.08%,开放申购,11.9037,9.4292,5.3338,6.2415,5.5825,6.4296,6.9502,-10.8391,-10.8391,-10.8391,2014,18.3267,1.8639,2026-09-10,['519163'],54.6,
206018,鹏华产业债债券A,债券/固收,2013-02-06,13.5907,45.1854,鹏华基金,债券型-混合一级,,祝松,2014-03-14,12.4928,0,0.08%,限大额,2.9977,4.5936,3.7693,4.8961,4.5969,5.5611,1.9963,-2.2358,-4.7487,-4.7487,2014,18.6544,1.0446,2026-09-10,[],52.9,
360008,光大增利收益债券A,债券/固收,2008-10-29,17.8645,27.5257,光大保德信基金,债券型-混合一级,,黄波,2019-11-05,6.8474,0,0.10%,开放申购,0.9831,4.7811,4.4245,5.4703,4.6774,4.7021,3.5855,-5.4416,-5.4416,-13.2296,2014,11.6150,-0.3032,2026-09-10,['360009'],47.7,
000184,工银添福债券A,债券/固收,2013-10-31,12.8597,59.5603,工银瑞信基金,债券型-混合二级,,郭雪松,2021-02-25,5.5387,0,0.08%,开放申购,4.6683,6.5871,4.7987,4.6410,3.3394,6.8303,6.2096,-8.0264,-8.2493,-8.2493,2014,44.2672,1.5847,2026-09-10,['000185'],46.2,
217024,招商安盈债券A,债券/固收,2012-08-20,14.0561,35.7734,招商基金,债券型-混合二级,,"尹晓红,蔡振",2021-08-05,5.0979,0,0.08%,开放申购,2.9114,5.0635,3.8489,5.9622,4.8423,3.7033,3.8323,-4.3451,-4.3451,-40.4052,2014,28.5291,0.4488,2026-09-10,['012233'],44.0,
519669,银河领先债券A,债券/固收,2012-11-29,13.7796,15.0748,银河基金,债券型-混合一级,,蒋磊,2021-11-12,4.8268,1,0.04%,开放申购,2.1197,4.6071,3.7751,4.0711,4.0930,5.3649,1.6108,-1.8697,-1.9290,-1.9290,2014,14.1340,0.5738,2026-09-10,[],42.0,
121012,国投瑞银优化增强债券A/B,债券/固收,2010-09-08,16.0055,49.8750,国投瑞银基金,债券型-混合二级,,"杨枫,綦缚鹏",2023-06-15,3.2389,3,0.08%,开放申购,4.3256,4.2021,3.5019,5.1004,5.0054,6.2753,3.3784,-5.0527,-5.0527,-7.6999,2014,31.8313,0.9441,2026-09-10,[],40.3,
000122,汇添富实业债债券A,债券/固收,2013-06-14,13.2402,50.9720,汇添富基金,债券型-混合一级,,"徐一恒,吴江宏,胡奕",2024-06-28,2.2012,2,0.10%,开放申购,4.2460,6.7744,4.7700,4.8570,3.8642,5.5591,3.7687,-7.1305,-7.1305,-7.1305,2014,21.2757,0.6853,2026-09-10,['000123'],38.2,
040022,华安可转债债券A,债券/固收,2011-06-22,15.2197,8.9268,华安基金,债券型-混合二级,,"周益鸣,卢维捷",2023-11-10,2.8337,1,0.08%,限大额,-1.1236,5.6492,4.2524,8.9352,5.7808,5.0349,10.2360,-16.4211,-19.6787,-59.1169,2014,77.1739,-0.4013,2026-09-10,['040023'],35.9,
000130,大成景兴信用债债券A,债券/固收,2013-06-04,13.2676,7.2688,大成基金,债券型-混合一级,,孙丹,2020-10-15,5.9028,0,0.08%,开放申购,2.3057,3.9942,3.3805,4.1828,4.0827,5.9116,1.7380,-2.7828,-3.7813,-11.9865,2014,28.2316,1.1850,2026-09-10,['000131'],32.7,
160513,博时稳健回报债券(LOF)A,债券/固收,2011-06-10,15.2526,24.6435,博时基金,债券型-混合一级,,"罗霄,高晖",2023-10-20,2.8912,2,0.08%,开放申购,3.0098,4.2353,3.3838,5.9823,4.0952,5.7229,2.3321,-2.8289,-10.8144,-10.8144,2014,31.5690,0.4897,2026-09-10,['160514'],32.0,
040012,华安强化收益债券A,债券/固收,2009-04-13,17.4100,11.3427,华安基金,债券型-混合二级,,郑伟山,2022-09-16,3.9836,1,0.08%,开放申购,-2.3810,7.0732,3.6896,5.3562,4.6578,6.4318,9.3455,-12.6472,-12.6472,-12.6472,2014,33.0514,-0.4696,2026-09-10,['040013'],26.9,
161010,富国天丰强化债券(LOF)A,债券/固收,2008-10-24,17.8782,8.2978,富国基金,债券型-混合一级,,张明凯,2020-10-26,5.8727,0,0.08%,开放申购,-1.2049,5.8615,3.5691,5.7630,4.3866,6.0892,7.7764,-10.6624,-10.6624,-10.6624,2015,18.4798,-0.2814,2026-09-10,[],25.5,
202102,南方多利增强债券C,债券/固收,2006-03-27,20.4572,7.5940,南方基金,债券型-混合一级,,"李璇,刘文良",2024-06-28,2.2012,1,0.00%,开放申购,5.8178,4.6873,3.7081,4.6129,3.7925,4.7907,3.5510,-4.5037,-4.5037,-8.5586,2014,15.0456,0.8883,2026-09-10,['202103'],23.4,
121001,国投瑞银融华债券,债券/固收,2003-04-16,23.4031,2.0909,国投瑞银基金,混合型-偏债,,杨枫,2022-01-28,4.6160,1,0.065%,开放申购,5.3851,5.9211,4.2713,3.3186,1.7752,8.1325,4.7635,-7.7250,-18.6659,-30.2970,2006,60.0910,0.9444,2026-09-10,[],,
510080,长盛全债指数增强债券A,债券/固收,2003-10-25,22.8775,36.3600,长盛基金,指数型-固收,标普中国全债指数,王贵君,2023-10-30,2.8638,2,0.10%,开放申购,1.6284,2.5300,2.2185,3.4474,2.7090,5.1094,0.9823,-1.4026,-3.8947,-7.3149,2007,29.5388,0.5139,2026-09-10,[],,
217003,招商安泰债券A,债券/固收,2003-04-28,23.3703,9.5769,招商基金,债券型-混合一级,,"刘万锋,马海林",2026-04-30,0.3641,2,0.08%,开放申购,6.4156,4.3527,3.9327,4.4053,4.0085,5.4034,1.6201,-2.7061,-3.6297,-5.4017,2007,19.9443,1.5870,2026-09-10,"['013391', '217203']",,
360013,光大信用添益债券A,债券/固收,2011-05-16,15.3210,47.7436,光大保德信基金,债券型-混合二级,,黄波,2019-11-05,6.8474,0,0.08%,开放申购,7.6986,9.1587,4.5770,8.8972,7.4480,7.1083,15.2803,-29.7116,-29.7116,-29.7116,2020,24.6481,0.5211,2026-09-10,['360014'],,
161603,融通债券A/B,债券/固收,2003-09-30,22.9459,1.4919,融通基金,债券型-长债,,王超,2015-06-23,11.2170,0,0.12%,开放申购,2.6663,3.0377,3.7338,4.0330,3.7915,4.9591,1.3294,-2.4713,-6.3148,-7.7509,2018,12.0153,2.5103,2026-09-10,[],,
202105,南方广利回报债券A/B,债券/固收,2010-11-03,15.8522,203.5266,南方基金,债券型-混合二级,,"刘文良,王润栋",2025-09-19,0.9747,1,0.08%,开放申购,21.2405,12.6677,5.4479,8.2128,5.6720,6.5488,13.1086,-22.4547,-22.4547,-29.4153,2014,44.0191,1.1127,2026-09-10,[],,
002924,华商瑞鑫定开债,债券/固收,2016-08-24,10.0287,1.0764,华商基金,债券型-混合二级,,张永志,2016-08-24,10.0287,0,0.08%,暂停申购,29.8033,16.1894,7.0026,11.9677,9.9160,9.8862,24.2221,-21.7817,-21.7817,-21.7817,2019,22.1655,,2026-09-04,[],,
100035,富国优化增强债券A/B,债券/固收,2009-06-10,17.2512,41.5888,富国基金,债券型-混合二级,,张育浩,2025-11-21,0.8022,4,0.08%,开放申购,5.5794,11.8319,4.9254,6.2456,5.1608,5.9779,10.3466,-20.9163,-20.9163,-20.9163,2014,23.2342,0.5918,2026-09-10,[],,
470010,汇添富多元收益债券A,债券/固收,2012-09-18,13.9767,33.5580,汇添富基金,债券型-混合二级,,"马翔,朱凌昊,丁巍",2026-07-30,0.1150,5,0.08%,开放申购,13.4437,9.4847,4.3318,6.7468,5.6251,7.4409,4.8251,-8.0528,-8.1022,-11.1194,2014,28.5589,1.6282,2026-09-10,['470011'],,
202107,南方广利回报债券C,债券/固收,2010-11-03,15.8522,44.4772,南方基金,债券型-混合二级,,"刘文良,王润栋",2025-09-19,0.9747,1,0.00%,开放申购,20.7583,12.2253,5.0255,7.7180,5.2116,6.1605,13.1097,-23.2882,-23.2882,-29.1869,2014,43.5688,1.0854,2026-09-10,[],,
240012,华宝增强收益债券A,债券/固收,2009-02-17,17.5606,10.4504,华宝基金,债券型-混合二级,,曾健飞,2023-03-04,3.5209,1,0.08%,开放申购,9.5921,12.5870,6.3069,6.2613,4.8557,5.1762,14.0402,-23.7324,-23.7324,-23.7324,2025,31.0607,0.4240,2026-09-10,['240013'],,
000171,易方达裕丰回报债券A,债券/固收,2013-08-23,13.0486,292.6636,易方达基金,债券型-混合二级,,张清华,2025-09-30,0.9446,1,0.10%,开放申购,9.2778,7.1519,3.9208,6.3181,6.0075,7.7228,4.8407,-6.3470,-6.3470,-8.7535,2015,21.7133,0.9808,2026-09-10,[],,
485107,工银添利债券A,债券/固收,2008-04-14,18.4066,19.3932,工银瑞信基金,债券型-混合一级,,"谷衡,黄杨荔",2024-07-08,2.1739,1,0.08%,限大额,3.5238,3.4614,3.7333,4.2786,2.7423,5.4283,1.9511,-2.5516,-13.1815,-13.1815,2014,32.4915,1.7310,2026-09-10,['485007'],,
100037,富国优化增强债券C,债券/固收,2009-06-10,17.2512,7.4450,富国基金,债券型-混合二级,,张育浩,2025-11-21,0.8022,4,0.00%,暂停申购,5.1715,11.3937,4.5166,5.8182,4.7389,5.5492,10.3523,-21.6849,-21.6849,-21.6849,2014,22.7488,0.5275,2026-09-10,[],,
020002,国泰金龙债券A,债券/固收,2003-12-05,22.7652,9.5768,国泰基金,债券型-混合一级,,"茅利伟,刘嵩扬",2024-08-02,2.1054,2,0.08%,开放申购,3.8393,4.9357,3.9199,2.5454,2.0438,4.2355,2.4231,-3.3803,-12.7486,-12.7486,2014,12.7000,2.4465,2026-09-10,['020012'],,
217018,招商安瑞进取债券A,债券/固收,2011-03-17,15.4853,19.4632,招商基金,债券型-混合二级,,"况冲,黄晓婷",2026-01-29,0.6133,2,0.08%,限大额,10.2871,8.6436,4.3576,5.4316,3.9934,6.1604,13.2029,-26.9369,-26.9369,-26.9369,2014,41.0359,0.7522,2026-09-10,[],,
020019,国泰双利债券A,债券/固收,2009-03-11,17.5003,22.9665,国泰基金,债券型-混合二级,,"陈志华,缪莹荟",2026-08-06,0.0958,1,0.10%,限大额,0.8601,4.8045,3.8714,4.9078,4.3279,5.5045,6.3209,-9.3498,-9.3498,-10.3448,2014,12.3134,-0.0670,2026-09-10,['020020'],,
161908,万家添利债券(LOF)C,债券/固收,2011-06-02,15.2745,1.2182,万家基金,债券型-混合一级,,陈佳昀,2017-09-13,8.9911,0,0.00%,限大额,0.3232,4.0429,3.4137,6.3990,5.0711,4.8161,5.6088,-7.0982,-9.5274,-18.2071,2019,18.2578,-0.5268,2026-09-10,[],,
161713,招商信用添利债券(LOF)A,债券/固收,2010-06-25,16.2108,12.8368,招商基金,债券型-混合一级,,"向霈,马海林",2026-04-30,0.3641,1,0.08%,开放申购,7.1783,4.0767,3.6756,4.2852,4.0906,5.8843,1.6525,-2.1603,-2.7344,-6.6927,2014,27.1706,1.7075,2026-09-10,['009637'],,
160718,嘉实多利收益债券A,债券/固收,2011-03-23,15.4689,162.3733,嘉实基金,债券型-混合二级,,"张庆平,雍大为",2026-04-18,0.3970,6,0.08%,开放申购,12.9879,10.0001,6.7920,5.4759,3.6234,2.5059,7.3531,-12.9139,-12.9139,-13.9107,2025,15.2645,1.2542,2026-09-10,[],,
002881,中加丰润纯债债券A,债券/固收,2016-06-17,10.2313,23.7817,中加基金,债券型-长债,,张楠,2023-12-11,2.7488,3,0.08%,开放申购,2.8431,3.0955,3.5854,3.5699,9.6392,9.4710,0.7644,-1.8915,-2.4109,-2.4109,2016,75.4100,2.9290,2026-09-10,['002882'],,
530017,建信双息红利债券A,债券/固收,2011-12-13,14.7433,22.3607,建信基金,债券型-混合二级,,尹润泉,2021-11-10,4.8323,2,0.08%,限大额,5.2688,6.9793,4.6398,4.4050,3.1105,6.2011,12.6453,-23.5544,-23.5544,-23.5544,2014,28.7695,0.7266,2026-09-10,"['960029', '531017']",,
519051,海富通一年定开债A,债券/固收,2013-10-24,12.8789,2.3928,海富通基金,债券型-混合一级,,方昆明,2024-03-22,2.4695,2,0.06%,暂停申购,2.5804,-0.8584,-3.1116,-2.0973,-2.7042,2.6532,13.9146,-27.2307,-34.0108,-36.7320,2014,46.7262,0.2179,2026-09-10,['001976'],,
161014,富国汇利回报两年定期开放债券,债券/固收,2010-09-09,16.0027,3.7315,富国基金,债券型-混合一级,,吕春杰,2026-08-04,0.1013,3,0.08%,暂停申购,4.9893,4.3382,3.7116,5.0154,4.5708,4.3055,2.2431,-2.8400,-3.5316,-14.2459,2012,13.0648,1.0039,2026-09-10,[],,
610008,信澳信用债债券A,债券/固收,2013-05-14,13.3251,23.7525,信达澳亚基金,债券型-混合二级,,张旻,2022-01-07,4.6735,1,0.08%,开放申购,10.0082,9.3235,5.6394,8.0787,6.2280,5.8310,10.0374,-21.4548,-21.4548,-23.7645,2025,23.1214,0.9302,2026-09-10,['610108'],,
000014,华夏聚利债券A,债券/固收,2013-03-19,13.4784,6.7803,华夏基金,债券型-混合一级,,"武文琦,陆晓天",2026-01-26,0.6215,1,0.06%,开放申购,11.2592,8.1181,4.1848,9.1184,6.6167,6.1840,9.1698,-20.1302,-20.1302,-20.1302,2020,25.6860,1.0452,2026-09-10,[],,
160128,南方金利定开债券A,债券/固收,2012-05-17,14.3162,9.4915,南方基金,债券型-信用债,,李璇,2015-12-16,10.7351,0,0.08%,暂停申购,3.3227,3.0997,3.9703,5.0839,4.6578,5.6542,1.3730,-1.5385,-3.8797,-4.7818,2015,13.6995,2.1930,2026-09-10,['160129'],,
161618,融通岁岁添利定开债A,债券/固收,2012-11-06,13.8426,0.3410,融通基金,债券型-混合一级,,王超,2015-03-14,11.4935,0,0.06%,暂停申购,2.7499,3.8006,4.9811,4.9082,4.4387,5.4777,2.8712,-2.1789,-7.0807,-7.0807,2015,16.0652,1.4491,2026-09-10,['161619'],,
100072,富国强回报定开债A/B,债券/固收,2013-01-29,13.6126,10.1756,富国基金,债券型-信用债,,黄纪亮,2015-04-15,11.4059,0,0.08%,暂停申购,3.8012,3.8742,3.9895,4.9167,4.4611,5.8011,0.8575,-2.4644,-3.9387,-4.4273,2014,15.2235,4.1346,2026-09-10,[],,
001751,华商信用增强债券A,债券/固收,2015-09-08,11.0062,171.8526,华商基金,债券型-混合二级,,厉骞,2020-07-17,6.1492,0,0.08%,限大额,13.7387,12.5188,5.3989,11.2161,6.6406,6.5967,13.0318,-23.8126,-24.1534,-24.1534,2021,30.5505,1.2115,2026-09-10,['001752'],,
000310,安信永利信用债券A,债券/固收,2013-11-08,12.8378,0.3983,安信基金,债券型-混合一级,,柴迪伊,2026-04-29,0.3669,4,0.70%,暂停申购,1.8562,4.4995,3.9975,5.0918,4.7700,6.0761,2.4915,-4.0758,-4.0758,-4.0758,2014,13.6620,0.7543,2026-09-10,['000335'],,
161019,富国新天锋债券(LOF)A,债券/固收,2012-05-07,14.3436,14.4116,富国基金,债券型-混合一级,,"武磊,张文昭",2026-02-26,0.5366,1,0.08%,开放申购,3.5161,4.1715,3.5615,4.8826,4.0265,5.4196,2.2785,-3.1414,-3.1414,-3.1512,2015,11.1337,0.5723,2026-09-10,[],,
750002,安信目标收益债券A,债券/固收,2012-09-25,13.9576,12.2767,安信基金,债券型-混合一级,,黄琬舒,2025-07-15,1.1554,3,0.08%,开放申购,1.8881,5.9330,4.8657,4.1278,2.9426,3.1335,2.8648,-4.9558,-11.2322,-11.2322,2021,12.0471,-1.4015,2026-09-10,['750003'],,
200009,长城稳健增利债券A,债券/固收,2008-08-27,18.0370,8.4710,长城基金,债券型-混合二级,,魏建,2020-07-17,6.1492,0,0.08%,限大额,3.1140,3.7250,3.4729,3.1149,2.7802,4.2593,0.8833,-2.4214,-3.3333,-8.6661,2015,12.5464,3.6364,2026-09-10,['008974'],,
217023,招商信用增强债券A,债券/固收,2012-07-20,14.1410,207.4339,招商基金,债券型-混合二级,,"滕越,夏里鹏",2025-04-01,1.4428,1,0.08%,限大额,3.5834,5.3139,4.2103,4.6684,3.4548,5.0768,3.0550,-3.9527,-8.3840,-10.0506,2014,20.3245,0.6297,2026-09-10,['007951'],,
161614,融通四季添利债券(LOF)A,债券/固收,2012-03-01,14.5270,1.0923,融通基金,债券型-混合一级,,"王超,吴嫣睿紫,李可",2025-09-26,0.9555,3,0.08%,开放申购,1.2965,1.8440,4.3456,4.1745,3.8344,4.8549,2.3746,-1.8104,-3.4063,-3.6970,2014,13.3801,-0.3326,2026-09-10,['000673'],,
510300,沪深300ETF华泰柏瑞,参考基准,2012-05-04,14.3518,948.7218,华泰柏瑞基金,指数型-股票,沪深300指数,柳军,,,,--,场内交易,4.3498,9.0712,0.0359,6.2485,4.9841,12.9539,17.6619,-35.1638,-42.4220,-45.6225,2012,154.2347,0.2045,2026-09-10,[],,
159915,创业板ETF易方达,参考基准,2011-09-20,14.9733,468.6780,易方达基金,指数型-股票,创业板指数(价格),"成曦,刘树荣",,,,--,场内交易,16.6086,18.8758,1.3905,12.2999,4.7449,9.4135,29.8733,-55.7889,-56.5186,-69.6677,2013,80.8324,0.5046,2026-09-10,[],,
000961,天弘沪深300ETF联接A,参考基准,2015-01-20,11.6386,25.5456,天弘基金,指数型-股票,沪深300指数,陈瑶,,,,0.10%,开放申购,4.7504,9.0242,0.4435,6.7552,5.3200,4.3454,16.7102,-33.1242,-39.8550,-46.3499,2019,38.6520,0.2366,2026-09-10,[],,
001437,易方达瑞享混合I,国内权益,2015-06-26,11.2088,102.3721,易方达基金,混合型-灵活,,武阳,2017-12-30,8.6954,0,0.06%,限大额,111.6294,56.7053,34.7455,32.8674,25.0357,24.7422,37.0248,-40.2456,-40.2456,-40.2456,2025,133.7498,2.2014,2026-09-10,['001438'],89.8,1
001323,东吴移动互联混合A,国内权益,2015-05-27,11.2909,39.1461,东吴基金,混合型-灵活,,刘元海,2017-05-06,9.3470,0,0.15%,开放申购,23.5556,39.9338,22.4858,28.2231,20.6144,18.0363,36.5598,-39.5277,-39.5277,-39.5277,2025,91.0141,0.6283,2026-09-10,['002170'],81.4,1
519196,万家新兴蓝筹A,国内权益,2016-01-26,10.6229,29.7667,万家基金,混合型-灵活,,莫海波,2016-01-26,10.6229,0,0.12%,限大额,40.6431,36.1089,14.3392,24.9312,21.3817,21.2281,27.4795,-37.1651,-37.1651,-37.1651,2020,76.3285,1.8167,2026-09-10,[],78.7,1
001076,易方达改革红利混合,国内权益,2015-04-23,11.3840,28.7103,易方达基金,混合型-偏股,,陈皓,2022-01-12,4.6598,1,0.15%,限大额,72.0460,38.5288,19.4430,22.5161,19.5276,13.4548,25.1267,-34.2785,-45.9392,-53.4204,2025,96.6016,2.2098,2026-09-10,[],74.8,1
000940,富国中小盘精选混合A,国内权益,2015-01-23,11.6304,54.2284,富国基金,混合型-偏股,,曹晋,2015-01-23,11.6304,0,0.15%,限大额,44.7761,38.3765,15.3038,25.5666,18.8423,17.7574,27.4319,-42.3306,-44.0600,-54.0498,2025,102.3419,1.2789,2026-09-10,[],73.1,1
001322,东吴新趋势价值线混合,国内权益,2015-07-01,11.1951,16.5475,东吴基金,混合型-灵活,,刘元海,2019-04-30,7.3648,0,0.15%,限大额,26.2954,43.1936,23.8158,29.2671,17.0399,12.8819,36.3936,-39.5016,-52.7675,-64.9315,2025,96.1056,0.7056,2026-09-10,[],72.2,1
720001,财通价值动量混合A,国内权益,2011-12-01,14.7762,67.2200,财通基金,混合型-灵活,,金梓才,2015-07-16,11.1540,0,0.15%,开放申购,125.3276,68.7828,20.0378,33.7884,24.1717,22.2090,39.1025,-54.6302,-54.6302,-54.6302,2025,83.9857,2.6303,2026-09-10,[],71.7,1
519195,万家品质生活混合A,国内权益,2015-08-06,11.0965,27.4102,万家基金,混合型-灵活,,莫海波,2015-08-06,11.0965,0,0.15%,限大额,39.5051,34.1391,13.6086,24.0031,20.6455,20.3061,27.0043,-42.1894,-42.1894,-42.1894,2025,72.6258,1.7710,2026-09-10,[],70.9,1
000411,景顺长城优质成长股票A,国内权益,2014-01-02,12.6872,50.7481,景顺长城基金,股票型,,张仲维,2023-11-07,2.8419,3,0.15%,开放申购,81.7605,54.6363,23.5693,23.4464,17.6213,16.3378,32.2544,-41.7999,-45.8496,-50.1657,2025,93.2642,1.8655,2026-09-10,[],70.0,1
002450,平安睿享文娱混合A,国内权益,2016-03-29,10.4504,26.5056,平安基金,混合型-灵活,,黄维,2016-08-31,10.0260,0,0.15%,开放申购,57.1049,29.2992,13.3330,21.7805,18.3194,17.2034,28.6343,-41.7062,-43.5360,-43.5360,2025,74.2895,1.6585,2026-09-10,['002451'],66.0,1
100039,富国通胀通缩主题轮动混合A,国内权益,2010-05-12,16.3313,24.0100,富国基金,混合型-偏股,,曹晋,2019-08-12,7.0801,0,0.15%,开放申购,45.9115,38.3978,15.3005,25.8026,20.4661,14.6629,27.9476,-43.8754,-44.8637,-46.1263,2025,109.2942,1.3542,2026-09-10,[],64.0,1
001048,富国新兴产业股票A,国内权益,2015-03-12,11.4990,123.0285,富国基金,股票型,,孙权,2022-03-24,4.4654,2,0.15%,限大额,74.0106,48.1961,22.3469,24.4811,18.5275,16.7368,36.9065,-51.7935,-51.7935,-51.7935,2025,78.8129,1.7128,2026-09-10,[],63.8,1
001170,宏利复兴混合A,国内权益,2015-04-21,11.3895,39.8431,宏利基金,混合型-灵活,,孙硕,2023-03-13,3.4962,2,0.15%,开放申购,115.2277,61.4544,24.6777,24.2447,19.2372,14.1996,39.9645,-53.8698,-62.8034,-62.8034,2025,106.1574,2.4186,2026-09-10,[],60.2,1
001672,国寿安保智慧生活股票A,国内权益,2015-09-01,11.0253,50.7421,国寿安保基金,股票型,,张琦,2017-10-26,8.8734,0,0.15%,开放申购,54.7009,31.7681,14.6174,20.9423,15.8053,15.3504,29.9173,-44.8209,-44.8209,-44.8209,2020,52.4067,1.3010,2026-09-10,[],59.6,1
001564,东方红京东大数据混合A,国内权益,2015-07-31,11.1129,31.0465,东方红资产管理,混合型-灵活,,周云,2016-01-29,10.6146,0,0.15%,开放申购,14.2939,15.5924,11.1833,15.8711,13.4005,13.2196,17.0287,-25.8125,-26.2187,-26.2187,2020,34.5406,0.8802,2026-09-10,[],58.9,1
660015,农银行业轮动混合A,国内权益,2012-11-14,13.8207,8.9840,农银汇理基金,混合型-偏股,,邢军亮,2021-07-21,5.1389,0,0.15%,开放申购,41.3546,24.6268,11.7291,22.3641,16.9424,20.8019,29.6421,-39.0481,-39.0481,-49.4672,2015,80.9756,1.1064,2026-09-10,[],58.2,1
001018,易方达新经济混合,国内权益,2015-02-12,11.5756,42.6241,易方达基金,混合型-灵活,,陈皓,2015-02-12,11.5756,0,0.15%,限大额,52.4919,28.0774,10.3652,22.3149,18.5314,18.2604,23.6800,-42.1457,-42.1457,-53.0127,2025,77.0715,1.7018,2026-09-10,[],57.6,1
002833,华夏新锦绣混合A,国内权益,2016-08-24,10.0452,5.8834,华夏基金,混合型-灵活,,张城源,2021-05-26,5.2923,0,0.15%,限大额,3.4862,20.6201,15.8463,18.5901,13.2077,13.1479,22.4988,-35.0706,-35.0706,-35.0706,2025,55.2260,0.2074,2026-09-10,[],56.8,1
519191,万家新利灵活配置混合,国内权益,2014-01-24,12.6270,2.9215,万家基金,混合型-灵活,,黄海,2020-11-17,5.8125,0,0.06%,限大额,47.3687,17.0333,18.6575,15.1618,11.8741,10.9506,27.5099,-32.4500,-36.4901,-36.4901,2022,41.1873,1.7881,2026-09-10,[],56.2,1
001208,诺安低碳经济股票A,国内权益,2015-05-12,11.3320,7.2620,诺安基金,股票型,,"韩冬燕,李晓杰",2023-02-25,3.5400,2,0.15%,开放申购,24.3767,17.6040,12.0050,18.0204,16.8091,12.3089,18.7792,-25.7852,-25.7852,-39.6135,2025,41.9560,0.9890,2026-09-10,['010349'],55.9,1
519185,万家精选混合A,国内权益,2009-05-18,17.3142,8.7809,万家基金,混合型-偏股,,黄海,2020-11-17,5.8125,0,0.15%,限大额,45.9867,17.2258,17.5429,13.6339,10.0963,10.8059,27.1200,-30.9397,-35.8516,-42.8052,2015,83.4903,1.7577,2026-09-10,[],55.8,1
501015,财通多策略升级混合(LOF)A,国内权益,2016-03-09,10.5051,5.4004,财通基金,混合型-灵活,,沈犁,2021-04-14,5.4073,0,0.15%,开放申购,57.6672,43.1973,26.6602,18.6208,11.6802,11.4938,34.1614,-42.0641,-42.0641,-42.0641,2025,77.7870,1.1748,2026-09-10,[],54.9,1
110029,易方达科讯混合,国内权益,2007-12-18,18.6831,127.5744,易方达基金,混合型-偏股,,刘健维,2022-01-12,4.6598,1,0.15%,开放申购,64.0383,50.7655,19.1420,25.1446,16.0411,9.7408,28.3614,-49.1873,-49.1873,-72.2605,2025,119.0636,1.9514,2026-09-10,[],54.8,
002770,安信新回报混合A,国内权益,2016-05-09,10.3381,5.5588,安信基金,混合型-灵活,,陈鹏,2021-01-25,5.6235,0,0.08%,开放申购,54.1718,46.2928,13.1401,25.5737,20.8540,20.5865,33.4571,-52.5044,-52.5044,-52.5044,2025,117.1301,1.1506,2026-09-10,['002771'],53.3,
000480,东方红新动力混合A,国内权益,2014-01-28,12.6160,46.2190,东方红资产管理,混合型-灵活,,周云,2017-04-12,9.4127,0,0.15%,开放申购,11.1011,14.6951,10.5186,14.1672,12.0281,16.0822,17.0489,-26.9349,-26.9349,-32.5561,2014,43.0000,0.6887,2026-09-10,[],53.3,
001184,易方达新常态混合A,国内权益,2015-04-30,11.3648,110.7895,易方达基金,混合型-灵活,,何一铖,2024-08-17,2.0643,1,0.15%,开放申购,116.1514,51.8565,22.9378,24.5925,13.3522,6.5457,29.1553,-42.4623,-48.1900,-74.7088,2025,113.0037,2.7648,2026-09-10,[],53.0,
001917,招商量化精选股票A,国内权益,2016-03-15,10.4887,31.8298,招商基金,股票型,,王平,2016-03-15,10.4887,0,0.15%,限大额,2.4356,16.6047,9.9356,19.4146,12.4259,12.9901,21.3520,-25.1483,-35.3167,-35.3167,2019,45.2000,0.1086,2026-09-10,['007950'],50.5,
002980,华夏创新前沿股票A,国内权益,2016-09-07,10.0068,40.2586,华夏基金,股票型,,屠环宇,2023-04-06,3.4305,1,0.15%,开放申购,53.2181,28.9810,11.4324,23.6261,16.9468,16.9342,26.2214,-43.6239,-44.5155,-44.5155,2020,83.6645,1.5481,2026-09-10,[],50.2,
090019,大成景恒混合A,国内权益,2012-06-15,14.2368,3.8763,大成基金,混合型-偏股,,苏秉毅,2018-06-27,8.2053,0,0.15%,限大额,1.7263,14.9952,12.1965,17.2220,13.2510,11.5165,25.6269,-37.0146,-37.0146,-37.0146,2025,44.5273,0.0640,2026-09-10,['006038'],50.1,
020018,国泰金鹿混合,国内权益,2008-06-12,18.2450,8.6415,国泰基金,混合型-偏股,,赵大震,2023-08-30,3.0308,2,0.15%,开放申购,74.4982,22.1724,11.9526,17.6432,14.2408,10.2677,27.7307,-36.0392,-37.0096,-37.0096,2026,52.5635,1.8560,2026-09-10,[],44.5,
000969,前海开源大安全混合,国内权益,2015-02-06,11.5921,7.6275,前海开源基金,混合型-灵活,,刘宏,2022-08-08,4.0903,1,0.15%,开放申购,51.4479,43.1980,14.1561,22.2585,14.8576,14.2970,31.1585,-46.2681,-46.2681,-52.6756,2025,86.5385,1.2118,2026-09-10,[],44.5,
000404,易方达新兴成长灵活配置,国内权益,2013-11-28,12.7830,57.0246,易方达基金,混合型-灵活,,蔡荣成,2023-07-01,3.1951,2,0.15%,开放申购,53.0051,32.9060,10.8770,22.0270,15.2423,19.0513,32.7305,-47.6308,-47.6308,-64.5223,2015,172.9080,1.3454,2026-09-10,[],43.6,
580001,东吴嘉禾优势精选混合A,国内权益,2005-02-01,21.6044,9.2229,东吴基金,混合型-灵活,,刘元海,2023-08-15,3.0719,1,0.15%,开放申购,23.5503,41.3735,17.4392,16.0951,9.9373,9.6887,33.3936,-41.4669,-51.9546,-60.3119,2006,98.9288,0.6234,2026-09-10,[],43.5,
050010,博时特许价值混合A,国内权益,2008-05-28,18.2861,10.0072,博时基金,混合型-偏股,,曾鹏,2021-04-13,5.4100,0,0.15%,开放申购,43.5344,35.1222,12.0903,24.1213,17.2332,12.3766,34.7828,-54.0777,-54.0777,-54.0777,2025,86.8019,1.0404,2026-09-10,[],42.0,
001302,前海开源金银珠宝混合A,国内权益,2015-07-09,11.1732,13.0393,前海开源基金,混合型-灵活,,吴国清,2021-06-01,5.2758,0,0.15%,开放申购,32.0928,28.5570,17.5184,18.4798,8.9268,10.3880,32.3349,-44.8854,-45.1111,-49.0371,2025,84.1499,0.6506,2026-09-10,['002207'],41.3,
180031,银华中小盘混合A,国内权益,2012-06-20,14.2231,58.6941,银华基金,混合型-偏股,,"李晓星,张萍,杜宇",2019-12-11,6.7488,0,0.15%,开放申购,83.4729,32.4304,10.6184,17.9946,14.7031,19.6289,34.1599,-51.9333,-52.4825,-52.4825,2015,86.2688,1.7570,2026-09-10,[],41.3,
519644,银河智联混合A,国内权益,2015-12-17,10.7324,7.5321,银河基金,混合型-灵活,,郑巍山,2022-03-17,4.4846,1,0.15%,开放申购,67.3699,19.9108,11.4791,24.1424,18.4205,16.0022,37.6789,-53.2802,-53.2802,-53.2802,2020,74.0741,1.4083,2026-09-10,[],41.3,
470009,汇添富民营活力混合,国内权益,2010-05-05,16.3504,52.0806,汇添富基金,混合型-偏股,,马翔,2016-03-11,10.4997,0,0.15%,开放申购,42.7885,28.4789,9.5280,17.1288,12.1850,15.6111,25.8694,-44.9427,-50.7275,-52.6832,2015,108.5606,1.3427,2026-09-10,[],38.3,
001370,中银新趋势灵活配置混合A,国内权益,2015-05-29,11.2854,2.0430,中银基金,混合型-灵活,,杨成,2018-02-23,8.5448,0,0.15%,开放申购,64.9690,27.1521,11.0601,13.2812,10.9189,9.9990,27.0331,-40.9222,-41.4286,-41.4286,2025,62.9658,1.9001,2026-09-10,[],36.4,
460007,华泰柏瑞行业领先混合,国内权益,2009-08-03,17.1034,8.0446,华泰柏瑞基金,混合型-偏股,,吕慧建,2018-05-30,8.2820,0,0.15%,开放申购,96.1857,34.4634,11.1669,21.5061,16.5490,10.9519,32.0758,-52.8817,-52.8817,-53.0603,2025,83.1175,1.9005,2026-09-10,[],36.4,
000697,汇添富移动互联股票A,国内权益,2014-08-26,12.0411,63.5827,汇添富基金,股票型,,沈若雨,2024-05-08,2.3409,1,0.15%,开放申购,75.8452,35.4416,13.2069,18.1502,9.5075,12.0919,31.4893,-49.3639,-49.5777,-78.0552,2025,87.1760,1.7024,2026-09-10,[],35.3,
519773,交银数据产业灵活配置混合A,国内权益,2016-08-16,10.0671,10.5632,交银施罗德基金,混合型-灵活,,高扬,2024-06-29,2.1985,2,0.15%,开放申购,98.4066,30.5802,10.7868,23.2432,14.9191,14.7555,31.2039,-49.2122,-49.2323,-49.2323,2019,95.1863,2.1960,2026-09-10,[],33.8,
001959,华商乐享互联灵活配置混合A,国内权益,2015-12-18,10.7296,8.5136,华商基金,混合型-灵活,,余懿,2022-09-21,3.9699,2,0.15%,限大额,44.1176,21.1869,9.8516,26.7325,15.0759,13.4498,24.9987,-42.9371,-49.6350,-52.1308,2019,86.3636,1.6982,2026-09-10,['013142'],33.7,
519181,万家和谐增长混合A,国内权益,2006-11-30,19.7782,13.4521,万家基金,混合型-灵活,,莫海波,2023-08-08,3.0910,2,0.15%,限大额,34.3474,33.0281,10.1640,21.5291,17.1131,8.7945,27.0125,-44.5093,-44.5093,-74.6982,2025,67.6657,1.5699,2026-09-10,[],33.3,
310358,申万菱信新经济混合A,国内权益,2006-12-06,19.7618,24.2337,申万菱信基金,混合型-灵活,,付娟,2021-07-05,5.1828,0,0.15%,开放申购,100.1646,30.0176,10.4364,20.2556,15.6679,11.2644,29.8469,-49.6334,-49.6334,-59.6076,2007,123.7508,2.4364,2026-09-10,[],32.7,
002281,建信裕利灵活配置混合,国内权益,2016-01-04,10.6831,2.0577,建信基金,混合型-灵活,,江映德,2021-09-29,4.9473,1,0.15%,开放申购,43.1627,31.6992,10.6403,21.5678,14.8678,13.9180,31.8026,-49.5416,-49.5416,-49.5416,2020,59.5004,1.0497,2026-09-10,[],32.0,
260117,景顺长城支柱产业混合A,国内权益,2012-11-20,13.8042,4.2170,景顺长城基金,混合型-偏股,,邹立虎,2022-03-25,4.4627,1,0.15%,开放申购,25.3743,18.2741,8.3511,11.3596,9.3998,8.9522,18.4017,-26.2090,-30.2449,-55.2345,2025,40.1887,1.1265,2026-09-10,[],27.6,
320005,诺安价值增长混合A,国内权益,2006-11-21,19.8029,15.8856,诺安基金,混合型-偏股,,吕磊,2024-08-17,2.0643,2,0.15%,开放申购,40.8546,17.8701,8.9798,13.7246,8.9862,5.7365,18.9105,-29.7460,-30.3595,-74.1752,2009,74.8779,1.6788,2026-09-10,[],25.6,
673010,西部利得新动向混合A,国内权益,2011-08-18,15.0637,14.9471,西部利得基金,混合型-灵活,,董伟炜,2024-07-18,2.1465,2,0.15%,限大额,36.6736,27.0798,9.2661,11.5703,7.3092,7.7349,17.6057,-38.5252,-42.7871,-52.1737,2025,48.6661,1.4967,2026-09-10,[],23.1,
002420,汇添富盈鑫混合A,国内权益,2016-03-11,10.4997,6.8163,汇添富基金,混合型-灵活,,刘昇,2021-09-28,4.9500,1,0.12%,开放申购,56.1527,23.9653,10.5371,14.2228,11.7788,11.4084,29.3019,-52.9274,-52.9274,-52.9274,2025,56.7295,1.9234,2026-09-10,[],21.6,
001036,嘉实企业变革股票,国内权益,2015-02-12,11.5756,5.6699,嘉实基金,股票型,,陈涛,2023-12-21,2.7214,1,0.15%,开放申购,69.8190,26.0644,8.9960,17.6040,11.8648,9.6635,26.3409,-46.0691,-47.7438,-56.1142,2019,56.8336,1.7768,2026-09-10,[],16.5,
110002,易方达策略成长混合,国内权益,2003-12-09,22.7543,27.0976,易方达基金,混合型-偏股,,张琦,2022-04-21,4.3888,1,0.15%,开放申购,52.1923,27.6858,8.1476,13.5365,9.1358,11.6987,27.5298,-50.7325,-50.7325,-59.4232,2006,139.1463,1.7268,2026-09-10,[],16.3,
162201,宏利成长混合,国内权益,2003-04-25,23.3785,64.2679,宏利基金,混合型-灵活,,孙硕,2025-04-10,1.4182,2,0.15%,开放申购,106.6046,68.5636,20.9404,26.7193,17.2580,17.4798,42.1463,-59.1934,-59.1934,-65.8138,2025,112.2072,2.2691,2026-09-10,[],,
000390,华商优势行业混合A,国内权益,2013-12-11,12.7474,161.0696,华商基金,混合型-灵活,,张明昕,2025-03-12,1.4976,1,0.15%,开放申购,45.1558,35.5543,17.5744,28.4883,21.7801,23.7931,32.2201,-41.8923,-41.8923,-41.8923,2025,86.4872,1.8847,2026-09-10,[],,
110005,易方达积极成长混合,国内权益,2004-09-09,22.0014,72.8456,易方达基金,混合型-偏股,,何崇恺,2021-05-29,5.2841,0,0.15%,开放申购,120.2518,34.3365,14.0405,19.8519,14.5475,7.9997,30.9479,-55.7013,-55.7013,-68.3985,2006,133.9266,2.9216,2026-09-10,[],,
519087,新华优选分红混合A,国内权益,2005-09-16,20.9829,17.8858,新华基金,混合型-灵活,,姚海明,2026-08-21,0.0548,2,0.12%,开放申购,69.6163,40.9251,11.9120,18.6470,13.5745,9.0690,35.2753,-57.7825,-60.9609,-79.1695,2009,94.5766,1.7610,2026-09-10,[],,
110013,易方达科翔混合,国内权益,2008-11-13,17.7440,52.5438,易方达基金,混合型-偏股,,陈皓,2014-05-10,12.3368,0,0.15%,限大额,48.8185,27.1817,7.9837,19.6336,15.6473,15.4638,23.3966,-45.7686,-45.7686,-51.8845,2015,83.8051,1.7317,2026-09-10,[],,
166301,华商新趋势优选灵活配置混合,国内权益,2012-09-06,14.0096,63.8414,华商基金,混合型-灵活,,童立,2025-03-12,1.4976,1,0.15%,开放申购,23.4185,17.3875,9.6467,26.6416,21.5573,21.4719,24.6116,-34.1223,-34.1223,-42.0229,2020,73.7637,0.6713,2026-09-10,[],,
040025,华安科技动力混合A,国内权益,2011-12-20,14.7242,32.6720,华安基金,混合型-偏股,,栾超,2025-05-06,1.3470,1,0.15%,开放申购,65.8730,37.8942,12.4997,19.9070,16.3380,19.9214,31.7400,-46.7661,-46.7661,-48.0957,2015,62.1522,1.7771,2026-09-10,[],,
630002,华商盛世成长混合,国内权益,2008-09-23,17.9630,38.9912,华商基金,混合型-偏股,,"王毅文,孙蔚",2025-03-12,1.4976,2,0.15%,开放申购,23.3435,16.1471,9.3498,17.3831,11.8029,12.4840,22.6781,-29.6930,-29.6930,-67.9287,2009,66.3503,0.8543,2026-09-10,[],,
000017,财通可持续混合A,国内权益,2013-03-27,13.4565,6.7505,财通基金,混合型-偏股,,骆莹,2026-09-04,0.0164,1,0.15%,开放申购,93.9500,53.3806,17.6150,22.4992,15.5414,16.9848,31.6353,-47.2610,-57.9050,-58.5691,2025,89.0048,2.0479,2026-09-10,[],,
570008,诺德周期策略混合,国内权益,2012-03-21,14.4723,12.1949,诺德基金,混合型-偏股,,"罗世锋,陈国光",2025-07-18,1.1472,1,0.15%,开放申购,71.0649,28.0395,10.9550,20.6303,16.5655,17.4129,31.6336,-48.5811,-55.3496,-55.3496,2020,124.5294,1.4863,2026-09-10,[],,
001194,景顺长城稳健回报混合A,国内权益,2015-04-10,11.4196,53.8946,景顺长城基金,混合型-灵活,,江山,2025-05-27,1.2895,4,0.10%,限大额,63.3685,63.2488,33.7848,23.8721,19.3563,17.5301,30.2952,-35.8673,-35.8673,-35.8673,2025,134.9347,1.4226,2026-09-10,['001407'],,
519770,交银优择回报灵活配置混合A,国内权益,2016-04-22,10.3847,44.1628,交银施罗德基金,混合型-灵活,,"周珊珊,高扬",2026-07-25,0.1287,5,0.08%,开放申购,99.7780,60.0095,32.3951,23.7985,19.7608,19.1680,24.6593,-29.3153,-29.3153,-29.3153,2025,144.1862,2.4069,2026-09-10,['519771'],,
001412,德邦鑫星价值灵活配置混合A,国内权益,2015-06-19,11.2279,33.6593,德邦基金,混合型-灵活,,陆阳,2026-05-29,0.2847,7,0.15%,开放申购,75.2193,74.1583,31.7328,23.6462,19.5158,17.4939,41.1993,-45.7976,-45.7976,-45.7976,2025,129.1882,1.4129,2026-09-10,['002112'],,
519158,新华趋势领航混合,国内权益,2013-09-11,12.9966,7.6913,新华基金,混合型-偏股,,蔡春红,2026-08-21,0.0548,4,0.15%,开放申购,84.0620,45.0158,9.4937,21.1773,14.9974,18.5165,37.5296,-70.2724,-70.2724,-70.2724,2025,78.4699,1.7548,2026-09-10,[],,
001480,财通成长优选混合A,国内权益,2015-06-29,11.2005,63.0772,财通基金,混合型-灵活,,金梓才,2015-06-29,11.2005,0,0.15%,开放申购,135.5429,74.5136,20.6740,33.8797,23.7212,19.6547,41.8194,-58.6738,-58.6738,-58.6738,2025,88.6148,2.5449,2026-09-10,[],,
519732,交银定期支付双息平衡混合,国内权益,2013-09-04,13.0157,40.6927,交银施罗德基金,混合型-平衡,,徐嘉辰,2026-08-29,0.0329,4,0.15%,开放申购,50.7206,24.0686,11.2611,15.1914,15.9507,18.0610,21.3378,-29.6720,-44.2462,-44.2462,2015,55.8559,1.5840,2026-09-10,[],,
000522,华润元大信息传媒科技混合A,国内权益,2014-03-31,12.4463,3.0672,华润元大基金,混合型-偏股,,李武群,2026-03-20,0.4764,2,0.15%,开放申购,53.9688,45.2239,21.5854,24.8466,16.8482,16.9782,36.4137,-37.5088,-45.3284,-62.3114,2025,77.7807,1.3122,2026-09-10,[],,
050022,博时回报混合,国内权益,2011-11-08,14.8392,8.4715,博时基金,混合型-灵活,,刘宁,2026-08-05,0.0986,2,0.15%,开放申购,59.5641,39.3451,14.0263,22.1986,15.2383,14.7001,30.8186,-48.8368,-48.8368,-48.8368,2019,95.9947,1.4186,2026-09-10,[],,
240011,华宝大盘精选混合,国内权益,2008-10-07,17.9247,10.8291,华宝基金,混合型-偏股,,郑英亮,2023-02-21,3.5510,2,0.15%,开放申购,53.6256,48.3300,10.4298,22.1338,14.9642,11.6936,28.2640,-60.6964,-64.7343,-64.7343,2025,120.8025,1.7152,2026-09-10,[],,
112002,易方达策略成长二号混合,国内权益,2006-08-16,20.0684,19.4922,易方达基金,混合型-偏股,,张琦,2022-04-21,4.3888,1,0.20%,开放申购,40.4637,24.7623,6.1156,11.1255,7.3241,6.0305,28.0338,-52.0237,-52.0237,-74.5266,2025,92.2118,1.7218,2026-09-10,[],,
257070,国联安优选行业混合A,国内权益,2011-05-23,15.3018,81.6594,国联安基金,混合型-偏股,,潘明,2015-04-17,11.4004,0,0.15%,开放申购,87.6263,42.9441,10.2624,23.1823,14.6190,14.3070,42.5278,-63.8300,-63.8300,-71.0781,2015,90.3646,1.6683,2026-09-10,[],,
080002,长盛创新先锋混合A,国内权益,2008-06-04,18.2669,1.1113,长盛基金,混合型-灵活,,滕光耀,2025-11-21,0.8022,1,0.15%,开放申购,33.2113,23.6709,8.8270,15.1905,10.5614,11.9011,24.0169,-43.4828,-43.4828,-43.4828,2009,55.7497,1.1491,2026-09-10,['012716'],,
000698,宝盈科技30混合,国内权益,2014-08-13,12.0767,20.4147,宝盈基金,混合型-灵活,,"容志能,赵国进",2026-06-13,0.2437,4,0.15%,开放申购,37.1289,39.5575,13.0461,23.5407,16.4904,17.8900,34.6394,-57.6647,-57.6647,-61.3543,2025,107.5026,0.9239,2026-09-10,[],,
002152,华宝核心优势混合A,国内权益,2016-01-21,10.6366,24.0323,华宝基金,混合型-灵活,,郑英亮,2025-08-16,1.0678,2,0.15%,开放申购,53.6923,49.6358,21.1782,24.9322,19.1315,18.3361,28.3976,-38.1274,-40.6313,-40.6313,2025,122.0420,1.7306,2026-09-10,[],,
210002,金鹰红利价值混合A,国内权益,2008-12-04,17.7659,9.8956,金鹰基金,混合型-灵活,,陈颖,2026-01-31,0.6078,3,0.15%,开放申购,-10.2527,7.2409,10.9148,13.5114,9.3130,11.6971,22.8231,-28.2945,-28.8872,-39.7345,2009,48.6489,-0.5136,2026-09-10,[],,
000534,长盛高端装备混合A,国内权益,2014-03-25,12.4627,13.5299,长盛基金,混合型-灵活,,郭堃,2025-11-21,0.8022,1,0.15%,开放申购,35.7109,28.6095,13.4027,22.4735,15.7021,16.5763,27.0797,-40.0323,-40.0323,-50.9685,2020,69.3539,1.0533,2026-09-10,[],,
260112,景顺长城能源基建混合A,国内权益,2009-10-20,16.8898,24.0232,景顺长城基金,混合型-偏股,,邹立虎,2025-05-16,1.3196,2,0.15%,开放申购,31.5829,17.5875,14.7984,14.7984,12.7477,11.6448,14.1356,-15.6510,-20.0465,-34.9148,2015,62.9928,1.4790,2026-09-10,[],,
000979,景顺长城沪港深精选股票A,国内权益,2015-04-15,11.4059,97.9607,景顺长城基金,股票型,,张仲维,2025-05-16,1.3196,2,0.15%,开放申购,42.7521,35.6976,25.0769,22.3951,18.2525,14.8579,23.9818,-35.8036,-35.8036,-36.9664,2025,73.2794,1.0410,2026-09-10,[],,
000828,宏利转型机遇股票A,国内权益,2014-11-18,11.8111,30.0190,宏利基金,股票型,,孟杰,2025-01-23,1.6290,1,0.12%,开放申购,43.5251,45.4848,9.3906,30.9759,21.0347,17.9745,37.0911,-61.5687,-61.5687,-61.8899,2020,99.4695,1.5552,2026-09-10,['012800'],,
000354,长盛城镇化主题混合A,国内权益,2013-11-12,12.8268,5.5523,长盛基金,混合型-偏股,,代毅,2018-09-14,7.9890,0,0.15%,开放申购,52.4739,47.3577,14.6175,18.4293,11.4359,14.8755,43.2369,-59.2587,-59.2587,-59.2587,2025,110.3229,1.0431,2026-09-10,[],,
000574,宝盈新价值混合A,国内权益,2014-04-10,12.4189,5.1068,宝盈基金,混合型-灵活,,张戈,2025-08-02,1.1061,1,0.15%,开放申购,29.6693,13.9025,9.7041,18.8379,10.8025,15.8181,17.6383,-22.6908,-36.6775,-61.4439,2015,121.0534,1.1361,2026-09-10,['007574'],,
540010,汇丰晋信科技先锋股票,国内权益,2011-07-27,15.1239,21.2398,汇丰晋信基金,股票型,,陈平,2015-07-25,11.1294,0,0.15%,开放申购,101.8913,46.7148,11.6830,18.6360,10.5540,12.5099,37.1626,-64.4245,-66.5422,-66.5422,2025,99.8580,1.9479,2026-09-10,[],,
213003,宝盈策略增长混合,国内权益,2007-01-19,19.6413,22.3939,宝盈基金,混合型-偏股,,"容志能,张戈",2026-07-04,0.1862,3,0.15%,开放申购,32.6641,39.3641,12.7597,18.3067,9.9625,7.8656,34.9874,-55.1500,-55.1500,-75.3704,2025,114.2687,0.8173,2026-09-10,[],,
740001,长安宏观策略混合A,国内权益,2012-03-09,14.5051,5.4601,长安基金,混合型-偏股,,"王浩聿,林忠晶",2026-07-29,0.1177,4,0.15%,开放申购,71.9235,34.5180,15.3526,14.8025,9.2556,12.3888,37.7715,-45.1561,-45.1561,-49.9452,2025,101.0870,1.5399,2026-09-10,[],,
530019,建信社会责任混合A,国内权益,2012-08-14,14.0726,3.2287,建信基金,混合型-偏股,,赵荣杰,2026-03-24,0.4654,4,0.15%,开放申购,78.1063,21.7698,5.9890,12.3111,8.3564,11.2060,35.3979,-63.2002,-68.2601,-68.2601,2025,63.1282,1.7301,2026-09-10,[],,
000598,长盛生态环境混合A,国内权益,2014-09-10,12.0000,5.5703,长盛基金,混合型-灵活,,滕光耀,2025-11-21,0.8022,1,0.15%,开放申购,42.5114,28.2540,12.5936,18.1594,14.5782,15.4978,26.6019,-40.5460,-40.5460,-44.9269,2025,50.0172,1.2435,2026-09-10,[],,
160220,国泰民益混合(LOF)A,国内权益,2013-12-30,12.6954,2.5028,国泰基金,混合型-灵活,,赵大震,2026-06-23,0.2163,2,0.15%,开放申购,77.7967,35.3910,19.7566,18.3548,13.1336,12.5705,21.4231,-30.2893,-30.2893,-30.2893,2025,56.9758,1.9727,2026-09-10,['160226'],,
001075,宝盈转型动力混合A,国内权益,2015-04-29,11.3676,29.9597,宝盈基金,混合型-灵活,,"容志能,叶秀贤",2026-06-13,0.2437,5,0.15%,开放申购,56.2899,58.5197,25.1936,25.2017,16.8257,11.5026,37.0750,-39.8012,-41.4298,-60.4167,2025,126.5152,1.2711,2026-09-10,[],,
000688,景顺长城研究精选股票A,国内权益,2014-08-12,12.0794,41.5651,景顺长城基金,股票型,,江山,2025-08-09,1.0869,4,0.15%,开放申购,65.6025,47.6585,17.1203,16.0793,12.9472,12.8955,32.1465,-45.5564,-52.0338,-52.0338,2025,81.9683,1.5007,2026-09-10,[],,
161810,银华内需精选混合(LOF)A,国内权益,2009-07-01,17.0979,14.2295,银华基金,混合型-偏股,,王利刚,2026-01-09,0.6680,1,0.15%,开放申购,36.8195,23.1764,12.1783,19.3349,11.2046,9.8906,27.9283,-40.1969,-47.9670,-53.4415,2019,100.3839,0.9184,2026-09-10,[],,
002810,金信转型创新成长混合发起式A,国内权益,2016-06-08,10.2560,1.1526,金信基金,混合型-灵活,,杨超,2026-06-10,0.2519,5,0.15%,开放申购,42.6720,31.3940,17.9025,22.5166,14.8891,14.9734,28.7080,-39.6649,-39.6649,-39.6649,2020,92.7152,1.3949,2026-09-10,[],,
160215,国泰价值经典混合(LOF),国内权益,2010-08-13,16.0767,3.3402,国泰基金,混合型-灵活,,赵大震,2026-04-08,0.4244,3,0.15%,开放申购,39.3333,19.3483,8.4808,14.0291,11.4135,10.9660,29.5071,-49.6808,-49.6808,-51.1757,2025,54.2541,0.9674,2026-09-10,[],,
001753,红土创新新兴产业混合A,国内权益,2015-09-23,10.9651,57.4740,红土创新基金,混合型-灵活,,廖星昊,2022-12-16,3.7344,1,0.15%,开放申购,104.1307,60.8295,15.4034,24.8450,17.5854,14.6953,39.6539,-65.8601,-66.2902,-66.2902,2025,151.3787,2.1283,2026-09-10,[],,
001040,新华策略精选股票A,国内权益,2015-03-31,11.4470,17.0875,新华基金,股票型,,王永明,2026-08-21,0.0548,2,0.15%,开放申购,76.7528,43.5802,13.9433,22.5635,16.8326,14.2015,36.7610,-57.9392,-60.3873,-60.3873,2025,78.7511,1.6130,2026-09-10,[],,
002692,富国创新科技混合A,国内权益,2016-06-16,10.2341,151.5583,富国基金,混合型-偏股,,罗擎,2025-07-15,1.1554,1,0.15%,限大额,98.4307,49.4751,13.8383,22.4432,16.8770,15.9617,35.5745,-59.2503,-66.9716,-66.9716,2025,141.9136,2.0322,2026-09-10,['011120'],,
001607,英大策略优选A,国内权益,2015-12-02,10.7734,0.9615,英大基金,混合型-灵活,,"张媛,张大铮",2023-03-31,3.4470,1,0.08%,开放申购,70.0829,24.1723,11.8500,20.2132,16.3423,15.5272,26.6000,-39.5994,-39.5994,-39.5994,2019,56.4535,1.5475,2026-09-10,['001608'],,
001892,长盛新兴成长混合A,国内权益,2015-11-06,10.8446,2.0558,长盛基金,混合型-灵活,,汤其勇,2025-11-21,0.8022,3,0.15%,开放申购,53.8076,32.7020,16.4435,19.0816,14.2938,13.9163,28.2478,-39.5955,-39.5955,-39.5955,2020,48.9744,1.4014,2026-09-10,[],,
217021,招商优势企业混合A,国内权益,2012-02-01,14.6064,6.7592,招商基金,混合型-偏股,,陆文凯,2025-08-09,1.0869,4,0.15%,限大额,-17.6896,12.3809,9.6438,13.4483,9.0019,11.5552,29.8101,-40.8319,-40.8319,-40.8319,2020,47.8298,-0.9546,2026-09-10,[],,
001072,华安智能装备主题股票A,国内权益,2015-04-24,11.3812,27.1968,华安基金,股票型,,刘畅畅,2025-05-06,1.3470,1,0.15%,开放申购,55.4636,33.9619,11.2041,23.0513,17.0983,14.6522,30.9859,-46.8282,-46.8282,-46.8282,2019,72.4967,1.6825,2026-09-10,[],,
001198,东方惠新灵活配置混合A,国内权益,2015-04-21,11.3895,11.0427,东方基金,混合型-灵活,,严凯,2021-08-11,5.0815,0,0.08%,开放申购,130.5960,57.0059,20.4219,15.7203,12.2644,11.5166,38.3554,-56.1690,-56.1690,-56.1690,2026,70.3194,2.4376,2026-09-10,['002163'],,
164205,天弘文化新兴产业股票A,国内权益,2010-08-12,16.0794,3.7407,天弘基金,股票型,,张磊,2026-01-09,0.6680,2,0.15%,开放申购,38.2197,24.1679,10.4461,18.8765,13.5888,9.9478,25.2070,-36.3609,-43.0857,-46.1983,2019,90.7022,0.9236,2026-09-10,[],,
000586,景顺长城中小创精选股票A,国内权益,2014-04-30,12.3641,2.7232,景顺长城基金,股票型,,"张靖,刘力思",2024-11-15,1.8179,2,0.15%,开放申购,41.7357,18.7890,10.3755,17.1555,9.7556,12.9359,25.8337,-37.7340,-39.5274,-58.5843,2015,92.4152,1.2294,2026-09-10,[],,
002292,诺安益鑫灵活配置混合A,国内权益,2016-01-22,10.6338,1.3699,诺安基金,混合型-灵活,,陈衍鹏,2020-07-10,6.1684,0,0.15%,开放申购,46.9975,33.9776,18.8921,16.7483,12.6999,12.0979,24.3594,-36.0017,-36.0017,-36.0017,2025,41.2114,1.9021,2026-09-10,[],,
002252,融通成长30灵活配置混合A,国内权益,2015-12-11,10.7488,1.0338,融通基金,混合型-灵活,,李文海,2025-04-30,1.3634,2,0.15%,开放申购,32.8988,19.6768,12.1544,20.8837,15.2431,14.3513,20.0258,-27.1502,-33.0236,-33.0236,2020,65.0221,1.1857,2026-09-10,[],,
001479,中邮风格轮动灵活配置混合,国内权益,2016-01-27,10.6201,0.8942,中邮基金,混合型-灵活,,江刘玮,2026-05-19,0.3121,7,0.15%,开放申购,42.6471,23.0995,9.9287,18.8443,12.5267,13.6174,27.7090,-44.3699,-44.3699,-44.3699,2020,63.1902,1.0197,2026-09-10,[],,
166020,中欧成长优选混合A,国内权益,2013-08-21,13.0541,3.3826,中欧基金,混合型-灵活,,柳世庆,2025-09-30,0.9446,4,0.15%,开放申购,20.1799,16.9136,10.5099,15.0807,12.0087,11.2053,18.9626,-24.0181,-24.3362,-24.3362,2025,51.8055,1.2502,2026-09-10,['001891'],,
001144,大成互联网思维混合A,国内权益,2015-04-21,11.3895,12.9743,大成基金,混合型-灵活,,郭玮羚,2026-01-16,0.6489,4,0.12%,开放申购,78.6332,27.9368,15.3946,20.2359,15.7632,11.0710,28.3237,-34.2300,-34.2300,-52.6923,2020,58.2700,1.9263,2026-09-10,[],,
002256,金信行业优选混合发起式A,国内权益,2016-04-01,10.4422,1.9615,金信基金,混合型-灵活,,孔学兵,2020-09-30,5.9439,0,0.15%,开放申购,85.6089,30.0416,9.6163,23.6965,14.0856,14.0650,42.3715,-60.4903,-60.4903,-60.4903,2020,78.7255,1.6296,2026-09-10,[],,
001470,融通通鑫灵活配置混合A,国内权益,2015-06-15,11.2389,0.9229,融通基金,混合型-灵活,,王迪,2026-06-13,0.2437,3,0.05%,开放申购,61.8529,19.9942,15.2448,13.9203,11.8602,10.7393,19.9801,-27.0783,-27.0783,-27.0783,2026,58.7386,1.3885,2026-09-10,[],,
000845,国投瑞银信息消费混合A,国内权益,2014-12-03,11.7700,0.9672,国投瑞银基金,混合型-灵活,,"马柯,王方",2026-09-02,0.0219,5,0.15%,开放申购,59.8937,24.3608,8.8915,12.7620,8.3685,12.0785,29.7508,-43.3972,-43.9562,-43.9562,2015,55.7087,1.3464,2026-09-10,[],,
002244,景顺长城低碳科技主题混合,国内权益,2016-03-11,10.4997,1.0494,景顺长城基金,混合型-灵活,,孟棋,2023-11-07,2.8419,2,0.15%,开放申购,62.8458,29.1512,12.5745,17.7478,10.8651,12.0298,26.0099,-42.1025,-42.1025,-42.1025,2025,72.5385,2.0581,2026-09-10,[],,
000805,中银新经济灵活配置混合A,国内权益,2014-09-30,11.9452,3.4715,中银基金,混合型-灵活,,杨成,2025-04-24,1.3799,1,0.15%,开放申购,67.9861,25.7391,10.7063,18.7255,9.6340,11.3713,22.0275,-35.7664,-45.5268,-73.4153,2015,100.5660,2.0580,2026-09-10,[],,
001877,宝盈国家安全沪港深股票A,国内权益,2016-01-20,10.6393,9.7994,宝盈基金,股票型,,"容志能,赵国进",2026-07-04,0.1862,3,0.15%,开放申购,84.5895,39.5463,13.3389,19.8543,10.6449,11.8489,33.9423,-51.1113,-51.1113,-51.1113,2025,95.7621,1.7919,2026-09-10,[],,
002849,金信智能中国2025混合A,国内权益,2016-07-01,10.1930,4.5941,金信基金,混合型-灵活,,杨超,2026-06-06,0.2628,4,0.15%,开放申购,15.0464,21.0085,13.5494,15.2867,12.5036,12.2639,12.3619,-9.1734,-16.4545,-16.4545,2019,38.9356,1.2061,2026-09-10,[],,
001956,国联安科技动力股票A,国内权益,2016-01-26,10.6229,22.2076,国联安基金,股票型,,潘明,2016-01-26,10.6229,0,0.15%,开放申购,73.3291,39.5234,8.5232,21.8522,14.0706,13.3522,42.8815,-63.9873,-63.9873,-63.9873,2019,79.1981,1.4134,2026-09-10,[],,
673050,西部利得新盈混合A,国内权益,2016-01-22,10.6338,1.4834,西部利得基金,混合型-灵活,,吴海健,2026-04-18,0.3970,7,0.12%,开放申购,70.2484,23.5955,12.0765,14.6794,12.0020,11.4038,32.0871,-43.5334,-43.5334,-43.5334,2025,46.8238,1.9128,2026-09-10,[],,
001664,平安鑫安混合A,国内权益,2015-12-11,10.7488,2.9351,平安基金,混合型-灵活,,林清源,2024-11-18,1.8097,3,0.12%,开放申购,55.9623,30.0251,15.5709,12.3074,10.1586,9.4896,25.6674,-25.2235,-25.2235,-25.2235,2025,76.7827,1.5722,2026-09-10,"['007049', '001665']",,
001148,申万菱信多策略灵活配置混合A,国内权益,2015-03-31,11.4470,4.0660,申万菱信基金,混合型-灵活,,高付,2026-06-04,0.2683,8,0.07%,开放申购,11.8410,22.8750,11.5852,12.6442,11.1549,10.4987,21.4393,-35.5596,-35.5596,-35.5596,2025,36.2336,0.7246,2026-09-10,['001724'],,
320016,诺安多策略混合A,国内权益,2011-08-09,15.0883,13.8953,诺安基金,混合型-偏股,,孔宪政,2025-11-08,0.8378,3,0.15%,限大额,10.1127,27.5661,8.9424,11.8576,7.6297,8.4888,28.3745,-57.2284,-57.3379,-61.4940,2025,72.7749,0.4495,2026-09-10,[],,
002407,前海开源恒远灵活配置混合,国内权益,2016-03-28,10.4531,2.6697,前海开源基金,混合型-灵活,,邱杰,2026-01-13,0.6571,2,0.15%,开放申购,11.9954,17.9612,7.7105,14.6072,11.6959,11.4350,28.4633,-39.5028,-39.5028,-39.5028,2019,70.1614,0.6227,2026-09-10,[],,
519766,交银荣鑫灵活配置混合A,国内权益,2016-03-25,10.4613,2.4871,交银施罗德基金,混合型-灵活,,刘庆祥,2026-02-13,0.5722,3,0.08%,开放申购,1.7286,26.9511,14.6603,12.2995,10.2536,9.9260,21.2712,-31.0346,-31.0346,-31.0346,2025,113.6617,0.1449,2026-09-10,[],,
001411,诺安创新驱动混合A,国内权益,2015-06-18,11.2307,3.6393,诺安基金,混合型-灵活,,左少逸,2025-07-19,1.1444,2,0.15%,开放申购,136.3020,43.5921,10.6984,14.4438,11.6118,10.6431,34.5605,-60.4988,-60.4988,-60.4988,2026,94.1463,3.6880,2026-09-10,['002051'],,
001037,国投瑞银锐意改革混合A,国内权益,2015-03-31,11.4470,6.1269,国投瑞银基金,混合型-灵活,,"马柯,陈郑宇",2026-09-05,0.0137,5,0.15%,开放申购,65.4050,42.7763,10.3182,21.2479,13.4114,10.4800,33.1717,-56.7969,-56.7969,-62.6506,2025,69.3850,1.4639,2026-09-10,[],,
519172,浦银睿智精选混合A,国内权益,2016-02-03,10.6010,0.6069,浦银基金,混合型-灵活,,秦闻,2021-01-29,5.6126,0,0.15%,开放申购,77.0718,32.0157,9.1263,17.8222,11.1561,11.6131,30.9659,-49.9095,-50.3810,-50.3810,2019,60.2362,1.8591,2026-09-10,['519173'],,
002560,诺安和鑫混合A,国内权益,2016-04-28,10.3682,29.6664,诺安基金,混合型-灵活,,陈衍鹏,2025-07-19,1.1444,3,0.15%,开放申购,43.2563,29.1133,10.4460,16.6195,11.1529,10.8214,30.6209,-45.6511,-50.5841,-50.5841,2019,48.3099,1.2671,2026-09-10,[],,
002145,诺安景鑫灵活配置混合,国内权益,2015-12-08,10.7570,0.7861,诺安基金,混合型-灵活,,李玉良,2020-04-22,6.3847,0,0.15%,开放申购,29.0007,30.0239,8.4518,17.3993,11.6053,10.8283,23.7497,-43.8661,-43.8661,-43.8661,2025,60.8820,0.9642,2026-09-10,[],,
000270,建信灵活配置混合A,国内权益,2013-09-03,13.0185,1.9410,建信基金,混合型-灵活,,"叶乐天,郭志腾",2024-05-17,2.3162,5,0.12%,限大额,12.9593,22.2869,9.7608,7.5405,6.5308,8.4492,25.8865,-45.8556,-45.8556,-45.8556,2025,60.9625,0.5826,2026-09-10,[],,
000573,天弘通利混合A,国内权益,2014-03-14,12.4928,4.3074,天弘基金,混合型-灵活,,"金梦,胡彧",2026-02-09,0.5832,10,0.10%,开放申购,4.7695,11.5510,9.9296,10.3139,8.8203,8.6468,15.1968,-15.8240,-15.8240,-15.8240,2024,20.9021,0.2297,2026-09-10,[],,
518880,黄金ETF华安,场内ETF/LOF,2013-07-18,13.1472,862.0804,华安基金,指数型-其他,黄金9999,许之彦,2018-09-28,7.9507,0,--,场内交易,14.1252,26.0105,19.9016,16.6887,12.1702,9.8123,17.9184,-30.2913,-30.2913,-30.2913,2025,55.7356,0.4007,2026-09-10,[],74.5,1
159934,黄金ETF易方达,场内ETF/LOF,2013-11-29,12.7803,330.9526,易方达基金,指数型-其他,黄金9999,"张湛,张泽峰",2025-12-20,0.7228,2,--,场内交易,14.1368,26.0703,19.8820,16.6331,12.1132,10.6802,17.9411,-30.2881,-30.2881,-30.2881,2025,55.8033,0.4007,2026-09-10,[],71.5,
513100,纳指ETF国泰,场内ETF/LOF,2013-04-25,13.3744,194.6827,国泰基金,指数型-海外股票,纳斯达克100指数,艾小军,2023-05-10,3.3347,2,--,场内交易,17.3140,21.2447,14.0164,17.9193,19.6382,18.7307,22.7871,-30.0332,-30.0332,-30.0332,2023,56.1608,0.8404,2026-09-09,[],71.4,1
159937,黄金ETF博时,场内ETF/LOF,2014-08-13,12.0767,397.0255,博时基金,指数型-其他,黄金9999,"赵云阳,王祥",2016-11-02,9.8535,0,--,场内交易,14.0691,25.9685,19.8517,16.6437,12.1261,11.0640,17.9163,-30.2899,-30.2899,-30.2899,2025,55.6257,0.3987,2026-09-10,[],69.5,
513500,标普500ETF博时,场内ETF/LOF,2013-12-05,12.7611,239.9900,博时基金,指数型-海外股票,标准普尔500指数,万琼,2021-09-23,4.9610,1,--,场内交易,11.9627,17.3183,12.2956,13.1775,14.1022,13.2566,17.0279,-19.5196,-32.9475,-32.9475,2019,31.7671,0.8849,2026-09-09,[],67.7,1
518800,黄金ETF国泰,场内ETF/LOF,2013-07-18,13.1472,317.3455,国泰基金,指数型-其他,黄金9999,艾小军,2021-07-21,5.1389,0,--,场内交易,14.1211,26.0119,19.8539,16.6145,12.1072,9.7253,17.9434,-30.2908,-30.2908,-30.2908,2025,55.7126,0.4005,2026-09-10,[],64.5,
159941,纳指ETF广发,场内ETF/LOF,2015-06-10,11.2498,346.8166,广发基金,指数型-海外股票,纳斯达克100指数,刘杰,2020-02-14,6.5681,0,--,场内交易,16.9417,20.8970,13.7618,17.2109,18.9775,17.1831,22.8026,-30.4279,-30.4279,-30.4279,2023,55.8803,0.8240,2026-09-09,[],61.5,
512220,TMTETF景顺,场内ETF/LOF,2014-07-18,12.1478,9.7046,景顺长城基金,指数型-股票,中证科技传媒通信150指数,金璜,2025-02-07,1.5880,3,--,场内交易,54.8040,37.4483,16.0183,16.8452,9.8754,11.5361,32.1937,-42.8125,-45.8734,-66.1155,2025,72.5025,1.3287,2026-09-10,[],49.1,1
159930,能源ETF汇添富,场内ETF/LOF,2013-08-23,13.0486,8.3891,汇添富基金,指数型-股票,中证能源指数,狄则徐,2026-08-03,0.1040,5,--,场内交易,32.3109,12.0934,11.2965,11.2281,8.1372,4.4624,25.7091,-24.9984,-42.6522,-65.6466,2021,38.9179,1.2559,2026-09-10,[],45.4,1
510410,资源ETF博时,场内ETF/LOF,2012-04-10,14.4175,7.9762,博时基金,指数型-股票,上证资源,王祥,2022-07-07,4.1780,1,--,场内交易,29.6804,21.0278,8.9606,15.6181,11.4199,4.8813,23.8853,-30.8223,-41.4681,-57.5562,2025,52.6409,0.9841,2026-09-10,[],31.5,1
159909,TMT50ETF招商,场内ETF/LOF,2011-06-27,15.2060,8.2596,招商基金,指数型-股票,深证电子信息传媒产业50指数,侯昊,2025-03-20,1.4757,1,--,场内交易,35.4240,29.6642,11.0962,16.1918,9.5451,9.3619,31.0026,-45.1779,-48.3557,-67.3374,2025,64.4294,0.9785,2026-09-10,[],29.4,1
513030,德国ETF华安,场内ETF/LOF,2014-08-08,12.0876,18.0025,华安基金,指数型-海外股票,法兰克福DAX指数,倪斌,2018-09-28,7.9480,0,--,场内交易,-0.5548,14.9109,8.2337,7.0396,6.9365,5.1189,18.3126,-32.5243,-41.4392,-41.4392,2025,30.7627,-0.0198,2026-09-09,[],25.8,1
512330,信息科技ETF南方,场内ETF/LOF,2015-06-29,11.2005,8.7639,南方基金,指数型-股票,中证500信息技术指数,孙伟,2016-07-29,10.1164,0,--,场内交易,42.2714,26.9669,9.8585,13.5937,7.5476,5.4474,34.1932,-50.4392,-56.1615,-56.1615,2019,74.2950,1.0110,2026-09-10,[],23.4,1
159939,信息技术ETF广发,场内ETF/LOF,2015-01-08,11.6715,12.3609,广发基金,指数型-股票,中证全指信息技术指数,张笑天,2026-08-25,0.0438,1,--,场内交易,33.5367,25.3371,8.0798,12.3636,6.0767,6.7553,32.1020,-48.7772,-52.9019,-68.0831,2019,58.0482,0.8666,2026-09-10,[],14.8,1
512700,银行ETF南方,场内ETF/LOF,2017-06-28,9.2019,10.4831,南方基金,指数型-股票,中证银行指数,孙伟,2017-06-28,9.2019,0,--,场内交易,2.6729,15.5766,7.4227,9.7878,,7.8503,16.8466,-23.3064,-27.5746,-27.5746,2024,43.0370,-0.0183,2026-09-10,[],,
512800,银行ETF华宝,场内ETF/LOF,2017-07-18,9.1472,105.5976,华宝基金,指数型-股票,中证银行指数,丰晨成,2026-02-12,0.5749,2,--,场内交易,2.4868,15.3387,7.1696,8.0030,,5.9616,16.7095,-23.2846,-27.8325,-27.8325,2024,42.7541,-0.0298,2026-09-10,[],,
002236,大成360互联网+大数据100A,指数/指数增强,2016-02-03,10.6010,6.0926,大成基金,指数型-股票,中证360互联网+大数据100指数,夏高,2016-02-03,10.6010,0,0.12%,开放申购,7.7580,17.1421,15.3847,19.4744,10.4224,12.0544,28.7821,-37.5448,-47.9005,-47.9005,2025,42.6360,0.3508,2026-09-10,[],74.3,1
050024,博时上证自然资源ETF联接A,指数/指数增强,2012-04-10,14.4175,4.9481,博时基金,指数型-股票,上证资源,王祥,2022-07-07,4.1780,1,0.12%,开放申购,28.1091,20.2295,8.7371,15.1971,11.0718,4.5978,22.6291,-29.3144,-38.8715,-56.1284,2025,49.9274,0.9841,2026-09-10,[],55.3,1
163116,申万中证申万电子行业投资指数(LOF)A,指数/指数增强,2015-05-14,11.3265,2.6737,申万菱信基金,指数型-股票,中证申万电子行业投资指数,王赟杰,2025-03-31,1.4456,5,0.12%,开放申购,48.0535,36.4554,12.2555,19.1637,12.7674,7.4120,32.0864,-48.7214,-48.7214,-58.3025,2019,68.6133,1.1675,2026-09-10,['010531'],50.0,1
161217,国投瑞银中证资源指数(LOF)A,指数/指数增强,2011-07-21,15.1403,3.5898,国投瑞银基金,指数型-股票,中证上游资源产业指数,殷瑞飞,2014-08-23,12.0493,0,0.12%,开放申购,33.2267,22.0666,8.6990,17.9083,14.0312,5.6247,23.5922,-31.6667,-36.4912,-53.1340,2025,59.8450,1.0798,2026-09-10,[],46.3,1
217019,招商深证TMT50ETF联接A,指数/指数增强,2011-06-27,15.2060,4.0196,招商基金,指数型-股票,深证电子信息传媒产业50指数,侯昊,2025-03-20,1.4757,1,0.15%,开放申购,34.2340,28.2622,10.6464,15.5517,8.9563,8.6432,29.3104,-43.4357,-46.0232,-66.4348,2025,60.9453,0.9950,2026-09-10,['004409'],45.3,1
001617,天弘中证电子ETF联接A,指数/指数增强,2015-07-29,11.1184,4.6773,天弘基金,指数型-股票,中证电子指数,洪明华,2025-09-30,0.9446,2,0.10%,开放申购,39.1009,29.1991,8.9935,15.8381,10.2761,8.3465,30.7951,-47.9001,-49.0209,-49.0209,2019,69.0759,1.0216,2026-09-10,['001618'],44.7,1
002900,南方中证500信息技术联接A,指数/指数增强,2016-08-17,10.0643,4.7154,南方基金,指数型-股票,中证500信息技术指数,孙伟,2016-08-17,10.0643,0,0.12%,开放申购,40.8244,26.2481,9.8073,13.2710,7.3616,7.2669,32.5030,-48.3023,-53.9405,-53.9405,2019,69.2006,1.0249,2026-09-10,['004347'],34.0,1
160137,南方中证互联网指数(LOF)A,指数/指数增强,2015-07-01,11.1951,1.1952,南方基金,指数型-股票,中证互联网指数,许荷东,2026-07-16,0.1533,1,0.12%,开放申购,31.3177,25.8846,11.8411,12.6828,8.4559,5.3582,31.8969,-45.8686,-48.8396,-48.8396,2025,66.8803,0.9212,2026-09-10,[],,
165522,中信保诚中证TMT(LOF)A,指数/指数增强,2014-11-28,11.7837,0.9610,中信保诚基金,指数型-股票,中证TMT产业主题指数,"黄稚,刘裴",2026-01-21,0.6352,3,0.10%,开放申购,7.4570,4.8295,2.1014,3.1569,1.3799,5.0205,6.0180,-9.3157,-14.1849,-33.8773,2015,72.2854,1.0221,2026-09-10,[],,
